,Date,Open,Low,Close,Volume,returns,label
0,2015-01-02,44.574001,42.652,43.862,23822000,0.9840265404938632,1
1,2015-01-05,42.91,41.431999,42.018002,26842500,0.9792123514332325,1
2,2015-01-06,42.012001,40.841999,42.256001,31309500,1.0058078642814465,2
3,2015-01-07,42.669998,41.956001,42.189999,14842000,0.9887509017459997,1
4,2015-01-08,42.562,42.001999,42.124001,17212500,0.9897091537051831,1
5,2015-01-09,41.784,40.992001,41.332001,23341500,0.9891824861190887,1
6,2015-01-12,40.610001,39.849998,40.442001,29751500,0.9958630880112512,1
7,2015-01-13,40.664001,40.181999,40.849998,22386500,1.0045739965430358,1
8,2015-01-14,37.166,37.0,38.537998,57759500,1.0369154065543777,2
9,2015-01-15,38.897999,38.0,38.374001,26082500,0.9865289214491471,1
10,2015-01-16,38.139999,37.93,38.613998,18016000,1.012427871327422,2
11,2015-01-20,38.773998,37.408001,38.386002,22516000,0.9899933971214421,1
12,2015-01-21,37.91,37.902,39.313999,20765000,1.0370350567132685,2
13,2015-01-22,39.400002,39.040001,40.324001,20584500,1.0234517500785913,2
14,2015-01-23,40.057999,39.666,40.257999,17193000,1.0049927606219171,2
15,2015-01-26,40.366001,40.209999,41.310001,16172500,1.0233860173565372,2
16,2015-01-27,40.883999,40.66,41.195999,13905000,1.0076313474129572,2
17,2015-01-28,41.222,39.683998,39.874001,15748000,0.9672990393479209,1
18,2015-01-29,40.214001,39.299999,41.040001,17740500,1.0205401098985398,2
19,2015-01-30,40.792,40.599998,40.720001,15035000,0.998234972543636,1
20,2015-02-02,40.793999,40.66,42.188,20746000,1.0341717172665519,2
21,2015-02-03,42.644001,42.254002,43.672001,24131000,1.0241065560429004,2
22,2015-02-04,43.658001,43.360001,43.709999,16527000,1.0011910302535383,1
23,2015-02-05,43.976002,43.928001,44.198002,17614500,1.0050482078839273,2
24,2015-02-06,44.400002,43.299999,43.472,16219500,0.9790990549955381,1
25,2015-02-09,43.076,42.397999,43.495998,17362000,1.0097501625034822,2
26,2015-02-10,43.509998,43.0,43.257999,26952500,0.9942082507105607,1
27,2015-02-11,42.442001,41.456001,42.560001,48845500,1.0027802647664987,1
28,2015-02-12,38.714001,38.655998,40.576,78248000,1.0480962688408257,2
29,2015-02-13,40.580002,40.181999,40.754002,30955000,1.0042878263041979,1
30,2015-02-17,41.139999,40.299999,40.869999,19898000,0.9934370440796558,1
31,2015-02-18,40.834,40.52,40.891998,13568000,1.0014203359945144,1
32,2015-02-19,41.0,40.75,42.341999,25770500,1.0327316829268294,2
33,2015-02-20,42.155998,41.962002,43.422001,29910500,1.0300313848577374,2
34,2015-02-23,43.132,41.265999,41.467999,42499000,0.9614207317073171,0
35,2015-02-24,41.458,40.34,40.821999,33018000,0.9846591490182836,1
36,2015-02-25,40.987999,40.515999,40.751999,19547500,0.9942422170938375,1
37,2015-02-26,40.799999,40.444,41.438,32364500,1.0156372797950315,2
38,2015-02-27,41.380001,40.560001,40.667999,19410500,0.9827935721896189,1
39,2015-03-02,40.540001,39.166,39.466,39610500,0.9735076227551155,1
40,2015-03-03,39.362,39.063999,39.911999,22161500,1.013972841827143,2
41,2015-03-04,39.849998,39.442001,40.487999,21110000,1.0160100635387737,2
42,2015-03-05,40.57,40.029999,40.125999,24385000,0.9890559280256347,1
43,2015-03-06,39.841999,38.43,38.776001,33562000,0.9732443645711653,1
44,2015-03-09,38.877998,37.650002,38.175999,33683500,0.9819435404055528,1
45,2015-03-10,37.692001,37.52,38.063999,27898500,1.009869414998689,2
46,2015-03-11,38.23,38.202,38.748001,24874500,1.0135495945592468,2
47,2015-03-12,38.75,37.950001,38.214001,20746500,0.9861677677419356,1
48,2015-03-13,37.790001,37.464001,37.736,27171500,0.9985710241182582,1
49,2015-03-16,38.400002,37.959999,39.139999,28144000,1.0192707542046482,2
50,2015-03-17,39.085999,38.787998,38.945999,24470500,0.9964181547464093,1
51,2015-03-18,38.992001,38.622002,40.141998,24104500,1.0294931516851367,2
52,2015-03-19,40.400002,38.905998,39.130001,42376000,0.9685643332393894,1
53,2015-03-20,39.490002,39.124001,39.616001,21347500,1.0031906557006505,1
54,2015-03-23,39.700001,39.493999,39.925999,13158000,1.0056926446928804,2
55,2015-03-24,40.316002,39.950001,40.344002,18249500,1.0006945133101246,1
56,2015-03-25,39.653999,38.540001,38.860001,28652000,0.9799768492453939,1
57,2015-03-26,38.784,37.939999,38.082001,20640000,0.9818997782590759,1
58,2015-03-27,37.813999,36.279999,37.0,43024500,0.9784736070892687,1
59,2015-03-30,37.169998,36.360001,38.113998,50447500,1.0253968267633482,2
60,2015-03-31,38.706001,37.681999,37.754002,25133000,0.9754043565492596,1
61,2015-04-01,37.740002,37.209999,37.518002,18973000,0.9941176473705541,1
62,2015-04-02,38.046001,38.0,38.200001,25052000,1.004047731586823,1
63,2015-04-06,39.599998,39.5,40.619999,62279000,1.02575760231099,2
64,2015-04-07,40.501999,40.228001,40.650002,21739500,1.0036542146969092,1
65,2015-04-08,41.639999,41.174,41.534,31515500,0.9974543947515464,1
66,2015-04-09,41.686001,41.223999,42.018002,19001000,1.0079643283604969,2
67,2015-04-10,41.970001,41.799999,42.18,20338500,1.0050035500356551,2
68,2015-04-13,42.088001,41.810001,41.956001,18791000,0.9968637141973077,1
69,2015-04-14,41.714001,41.099998,41.492001,15130000,0.9946780458676212,1
70,2015-04-15,41.492001,41.32,41.566002,9762000,1.0017835003908342,1
71,2015-04-16,41.540001,41.257999,41.34,8295500,0.9951853395477772,1
72,2015-04-17,40.998001,40.700001,41.358002,12349500,1.0087809403195047,2
73,2015-04-20,41.355999,40.77,41.054001,12796500,0.9926976011388337,1
74,2015-04-21,41.16,40.862,41.882,17162500,1.0175413022351798,2
75,2015-04-22,42.5,42.338001,43.888,39315000,1.0326588235294116,2
76,2015-04-23,43.653999,43.43,43.720001,22056000,1.001511934794336,1
77,2015-04-24,44.099998,43.602001,43.686001,12139000,0.9906123124994246,1
78,2015-04-27,44.512001,44.400002,46.310001,58363000,1.0403936008179009,2
79,2015-04-28,46.950001,45.605999,46.096001,30427000,0.9818104370221419,1
80,2015-04-29,46.009998,45.526001,46.490002,19680500,1.0104326020618386,2
81,2015-04-30,46.077999,45.034,45.209999,19559500,0.9811623764304523,1
82,2015-05-01,45.987999,44.082001,45.206001,26408500,0.9829956071800384,1
83,2015-05-04,45.636002,45.422001,46.102001,22173000,1.01021121438289,2
84,2015-05-05,47.551998,45.826,46.59,28984500,0.9797695566861356,1
85,2015-05-06,46.82,45.639999,46.085999,26354500,0.9843229175565997,1
86,2015-05-07,44.200001,44.049999,47.360001,47279500,1.0714932110521898,3
87,2015-05-08,47.198002,46.740002,47.321999,23341000,1.0026271662940307,1
88,2015-05-11,47.257999,47.062,47.897999,28361500,1.0135426808909112,2
89,2015-05-12,48.021999,47.638,48.948002,31817000,1.0192828915764212,2
90,2015-05-13,49.521999,48.450001,48.636002,27201000,0.9821090218914628,1
91,2015-05-14,48.964001,48.25,48.82,14479500,0.9970590434388725,1
92,2015-05-15,48.785999,48.5,49.768002,22638000,1.0201287873596687,2
93,2015-05-18,49.400002,49.200001,49.75,16766000,1.0070849794702437,2
94,2015-05-19,49.686001,49.23,49.428001,18371000,0.9948073905162946,1
95,2015-05-20,49.425999,48.273998,48.869999,18778000,0.9887508596437272,1
96,2015-05-21,48.605999,48.472,49.124001,9853000,1.01065716188654,2
97,2015-05-22,49.076,49.001999,49.546001,11115500,1.0095770030157307,2
98,2015-05-26,49.535999,49.299999,49.492001,17493500,0.9991117974626899,1
99,2015-05-27,49.702,49.110001,49.486,17041000,0.9956540984266227,1
100,2015-05-28,49.405998,49.009998,50.290001,18236500,1.0178926251019158,2
101,2015-05-29,50.200001,49.886002,50.16,18946500,0.9992031673465503,1
102,2015-06-01,50.282001,49.493999,49.889999,12525500,0.9922039299907734,1
103,2015-06-02,49.784,49.259998,49.669998,10674000,0.9977100674915635,1
104,2015-06-03,49.639999,49.402,49.798,8907500,1.0031829372115821,1
105,2015-06-04,49.5,49.141998,49.183998,12268000,0.9936161212121213,1
106,2015-06-05,49.200001,49.136002,49.827999,15110000,1.0127641867324353,2
107,2015-06-08,50.169998,50.062,51.257999,25085000,1.0216862874899855,2
108,2015-06-09,51.080002,50.827999,51.200001,13055500,1.002349236399795,1
109,2015-06-10,50.380001,49.700001,50.139999,17272500,0.9952361652394569,1
110,2015-06-11,50.652,50.085999,50.282001,10220500,0.9926952736318408,1
111,2015-06-12,50.042,50.042,50.138,7111500,1.001918388553615,1
112,2015-06-15,49.939999,49.202,50.076,10931000,1.0027232880000658,1
113,2015-06-16,50.026001,49.82,50.624001,9923500,1.0119537837933517,2
114,2015-06-17,50.433998,50.403999,52.082001,27564500,1.0326764298955635,2
115,2015-06-18,52.400002,52.004002,52.377998,13913500,0.9995800763519055,1
116,2015-06-19,52.48,52.02,52.501999,12315000,1.0004191882621951,1
117,2015-06-22,52.43,51.138,51.958,22805500,0.9909975205035285,1
118,2015-06-23,52.063999,51.714001,53.534,19354000,1.0282345003886466,2
119,2015-06-24,53.396,52.743999,53.034,12061500,0.9932204659525058,1
120,2015-06-25,53.290001,53.049999,53.757999,14246000,1.0087820977897899,2
121,2015-06-26,53.778,53.200001,53.417999,19192000,0.9933057941909331,1
122,2015-06-29,52.389999,52.139999,52.403999,17394500,1.0002672265750567,1
123,2015-06-30,52.959999,52.799999,53.652,15434500,1.0130664843856965,2
124,2015-07-01,54.222,53.57,53.830002,10506000,0.9927704990594224,1
125,2015-07-02,56.040001,54.661999,56.004002,35819500,0.9993576195689219,1
126,2015-07-06,55.776001,55.259998,55.944,20609500,1.0030120302099106,1
127,2015-07-07,55.0,52.153999,53.576,30525500,0.9741090909090909,1
128,2015-07-08,51.863998,50.862,50.992001,31105500,0.9831868534315461,1
129,2015-07-09,51.816002,51.358002,51.584,16670500,0.9955225800709211,1
130,2015-07-10,52.444,51.563999,51.830002,13054500,0.9882923117992525,1
131,2015-07-13,52.450001,51.209999,52.431999,14801500,0.9996567778902425,1
132,2015-07-14,52.419998,52.102001,53.130001,9538000,1.013544506430542,2
133,2015-07-15,53.348,52.416,52.627998,10108000,0.9865036739896528,1
134,2015-07-16,52.844002,52.632,53.335999,8080000,1.0093103660089937,2
135,2015-07-17,54.5,53.650002,54.931999,25020500,1.0079265871559633,2
136,2015-07-20,55.0,54.507999,56.452,24892500,1.0264,2
137,2015-07-21,54.009998,53.310001,53.354,30543500,0.9878541376728064,1
138,2015-07-22,52.254002,52.172001,53.574001,15525000,1.0252612039169746,2
139,2015-07-23,53.93,53.054001,53.439999,11136000,0.990914129427035,1
140,2015-07-24,53.476002,52.784,53.082001,14182500,0.9926321904169275,1
141,2015-07-27,52.486,50.158001,50.602001,23471000,0.9641047326906224,1
142,2015-07-28,51.150002,50.368,52.964001,19479000,1.0354642996885906,2
143,2015-07-29,52.854,52.400002,52.764,13950500,0.9982971960494949,1
144,2015-07-30,52.537998,52.422001,53.358002,10173000,1.0156078273100546,2
145,2015-07-31,53.52,53.023998,53.23,11113000,0.9945814648729446,1
146,2015-08-03,53.257999,51.414001,51.998001,12767500,0.976341619594082,1
147,2015-08-04,52.001999,51.667999,53.256001,11762500,1.0241144960600457,2
148,2015-08-05,52.716,52.080002,54.026001,31071500,1.0248501593444115,2
149,2015-08-06,49.908001,47.223999,49.226002,73119000,0.9863348764459631,1
150,2015-08-07,48.716,47.678001,48.501999,25367000,0.9956071721816241,1
151,2015-08-10,47.630001,47.209999,48.228001,20929500,1.0125551120605687,2
152,2015-08-11,47.43,46.888,47.473999,21324500,1.0009276618174152,1
153,2015-08-12,47.0,46.548,47.633999,18640000,1.013489340425532,2
154,2015-08-13,47.972,47.824001,48.501999,23446000,1.0110480905528223,2
155,2015-08-14,49.448002,48.354,48.630001,21824000,0.983457349803537,1
156,2015-08-17,51.112,50.102001,50.998001,35883500,0.997769623571764,1
157,2015-08-18,51.076,50.712002,52.144001,20975000,1.0209100360247474,2
158,2015-08-19,52.066002,51.004002,51.049999,18021500,0.9804862489729863,1
159,2015-08-20,50.411999,48.380001,48.436001,24529000,0.9608030223122078,0
160,2015-08-21,47.200001,46.102001,46.153999,32951000,0.97783894114748,1
161,2015-08-24,40.557999,39.0,43.773998,47908000,1.079293828080621,3
162,2015-08-25,46.104,43.824001,44.006001,21636500,0.954494208745445,0
163,2015-08-26,45.585999,43.102001,44.967999,24815000,0.9864432059501427,1
164,2015-08-27,46.200001,46.161999,48.598,38280000,1.051904739136261,3
165,2015-08-28,48.372002,48.313999,49.695999,27568500,1.0273711433320456,2
166,2015-08-31,49.124001,49.102001,49.812,23501000,1.0140053535134486,2
167,2015-09-01,48.068001,47.394001,47.726002,27274000,0.9928851004226283,1
168,2015-09-02,49.060001,47.956001,49.537998,23146000,1.0097431102783712,2
169,2015-09-03,50.411999,49.0,49.113998,20974000,0.9742521418363116,1
170,2015-09-04,48.178001,47.639999,48.386002,18446000,1.0043173439263284,1
171,2015-09-08,49.009998,48.810001,49.633999,15691000,1.0127321164142875,2
172,2015-09-09,50.41,49.66,49.782001,16954000,0.9875421741717914,1
173,2015-09-10,49.445999,49.066002,49.695999,13545000,1.0050560208117143,2
174,2015-09-11,49.528,48.945999,50.048,11754000,1.0104991116136328,2
175,2015-09-14,50.220001,49.933998,50.638,14454500,1.008323357062458,2
176,2015-09-15,50.549999,49.900002,50.714001,14667500,1.0032443521907883,1
177,2015-09-16,50.608002,50.576,52.450001,22085500,1.0363973863263758,2
178,2015-09-17,52.792,52.138,52.414001,17929000,0.9928398431580542,1
179,2015-09-18,51.591999,51.5,52.124001,18815500,1.0103117151944432,2
180,2015-09-21,52.796001,51.16,52.84,30601000,1.000833377512816,1
181,2015-09-22,51.806,51.174,52.188,18322000,1.0073736632822454,2
182,2015-09-23,52.389999,51.515999,52.212002,13004000,0.996602462237115,1
183,2015-09-24,51.905998,51.242001,52.624001,17241000,1.013832755898461,2
184,2015-09-25,53.321999,51.23,51.382,18867000,0.9636172867412567,1
185,2015-09-28,51.470001,49.321999,49.686001,24505500,0.9653390331195058,1
186,2015-09-29,50.091999,49.091999,49.330002,18516000,0.9847880496843417,1
187,2015-09-30,50.400002,48.467999,49.68,24648000,0.985714246598641,1
188,2015-10-01,49.501999,47.425999,47.976002,22865000,0.9691730226894474,1
189,2015-10-02,47.119999,46.986,49.514,22120000,1.05080647391355,3
190,2015-10-05,49.768002,48.826,49.23,18449500,0.9891898011095562,1
191,2015-10-06,48.0,47.116001,48.292,26126000,1.0060833333333334,2
192,2015-10-07,47.326,45.824001,46.391998,34070000,0.9802645057684993,1
193,2015-10-08,46.015999,44.262001,45.344002,30666000,0.985396448743838,1
194,2015-10-09,44.186001,43.672001,44.138,30792000,0.9989136604600176,1
195,2015-10-12,44.598,43.054001,43.116001,19181500,0.9667698327279249,1
196,2015-10-13,42.655998,42.226002,43.849998,25857500,1.0279913741556346,2
197,2015-10-14,44.133999,43.085999,43.375999,15522000,0.9828250324653335,1
198,2015-10-15,43.285999,42.740002,44.262001,14221000,1.0225477526809534,2
199,2015-10-16,44.608002,44.574001,45.402,21672500,1.017799452214874,2
200,2015-10-19,45.299999,44.987999,45.619999,12539500,1.0070640178159826,2
201,2015-10-20,45.543999,40.400002,42.605999,74500000,0.9354909523865043,0
202,2015-10-21,42.397999,41.759998,42.018002,20757500,0.991037383627468,1
203,2015-10-22,42.312,41.880001,42.344002,14126000,1.0007563339005485,1
204,2015-10-23,43.0,41.537998,41.818001,21177500,0.9725116511627907,1
205,2015-10-26,42.276001,42.0,43.051998,16957000,1.0183554967746358,2
206,2015-10-27,42.967999,41.501999,42.07,17597000,0.9791007489085075,1
207,2015-10-28,42.262001,41.66,42.591999,13643000,1.007808385599158,2
208,2015-10-29,42.349998,42.127998,42.326,9025000,0.9994333411774896,1
209,2015-10-30,42.080002,40.778,41.386002,22194500,0.9835076053465966,1
210,2015-11-02,41.784,41.444,42.757999,19639500,1.0233103340991767,2
211,2015-11-03,42.77,41.549999,41.669998,41662500,0.9742809913490764,1
212,2015-11-04,45.400002,45.040001,46.326,63632000,1.0203964308195406,2
213,2015-11-05,46.116001,45.838001,46.354,22484000,1.005160876807163,2
214,2015-11-06,46.139999,45.900002,46.472,12226500,1.0071955138100457,2
215,2015-11-09,46.598,44.862,45.066002,19254500,0.9671230954118202,1
216,2015-11-10,44.695999,43.216,43.299999,23085000,0.9687667793262659,1
217,2015-11-11,43.554001,42.726002,43.816002,16739000,1.00601554378437,2
218,2015-11-12,43.57,42.532001,42.588001,14579500,0.9774615790681661,1
219,2015-11-13,42.59,41.304001,41.438,17151500,0.972951397041559,1
220,2015-11-16,41.217999,41.16,42.862,14627000,1.0398855121521062,2
221,2015-11-17,43.040001,42.279999,42.799999,10743500,0.9944237454827197,1
222,2015-11-18,42.900002,42.504002,44.214001,14059500,1.0306293458914058,2
223,2015-11-19,44.108002,44.060001,44.360001,12522000,1.0057132263664992,2
224,2015-11-20,44.698002,42.716,44.001999,22003500,0.9844287670844883,1
225,2015-11-23,43.470001,42.936001,43.549999,12631000,1.0018403036153598,1
226,2015-11-24,43.074001,43.0,43.650002,12401500,1.0133723588853516,2
227,2015-11-25,44.268002,44.076,45.928001,19954000,1.0374988462320933,2
228,2015-11-27,46.212002,45.402,46.321999,9747000,1.0023802690911334,1
229,2015-11-30,46.358002,45.816002,46.051998,13299000,0.9933991115492855,1
230,2015-12-01,46.212002,46.209999,47.438,18670000,1.026529861225229,2
231,2015-12-02,47.400002,46.245998,46.397999,14907500,0.9788606970944853,1
232,2015-12-03,47.096001,46.0,46.542,14698000,0.988236771950128,1
233,2015-12-04,46.492001,45.532001,46.076,12868000,0.9910522027219263,1
234,2015-12-07,45.540001,45.23,46.226002,15721000,1.0150637019090096,2
235,2015-12-08,45.504002,44.84,45.344002,13438000,0.9964838257522932,1
236,2015-12-09,45.34,44.144001,44.903999,15289000,0.9903837450374944,1
237,2015-12-10,44.942001,44.728001,45.414001,10358500,1.0105024251145382,2
238,2015-12-11,45.048,43.327999,43.403999,16343500,0.9635055718344876,1
239,2015-12-14,43.501999,42.973999,43.716,14135500,1.0049193371550582,1
240,2015-12-15,44.363998,43.599998,44.217999,11222000,0.9967090657609352,1
241,2015-12-16,44.419998,44.146,46.902,25521500,1.0558757791929663,3
242,2015-12-17,46.787998,45.962002,46.678001,16493000,0.9976490338398322,1
243,2015-12-18,46.577999,45.858002,46.091999,15071000,0.9895658892517045,1
244,2015-12-21,46.338001,46.216,46.512001,9766000,1.0037550173992185,1
245,2015-12-22,46.998001,45.925999,45.990002,9807500,0.9785523005542298,1
246,2015-12-23,46.436001,45.625999,45.939999,7775000,0.9893185892557803,1
247,2015-12-24,46.112,45.655998,46.113998,3540000,1.0000433292852187,1
248,2015-12-28,46.298,45.108002,45.790001,9506500,0.9890276253833857,1
249,2015-12-29,46.012001,45.91,47.438,12031500,1.030991892745547,2
250,2015-12-30,47.32,47.133999,47.618,18489500,1.006297548605241,2
251,2015-12-31,47.702,47.674,48.001999,13575000,1.0062890235210264,2
252,2016-01-04,46.144001,43.799999,44.681999,34135500,0.9683165315465383,1
253,2016-01-05,45.271999,44.0,44.686001,15934000,0.9870560608556295,1
254,2016-01-06,44.0,43.195999,43.807999,18895500,0.9956363409090909,1
255,2016-01-07,42.838001,42.734001,43.130001,17771500,1.0068163778230454,2
256,2016-01-08,43.571999,42.153999,42.200001,18140500,0.9685119335470471,1
257,2016-01-11,42.801998,40.599998,41.57,20457000,0.9712163436856383,1
258,2016-01-12,42.32,41.062,41.993999,15459500,0.9922967627599244,1
259,2016-01-13,42.402,40.0,40.062,20632000,0.9448139238715154,0
260,2016-01-14,40.442001,38.675999,41.236,32453500,1.0196330295328364,2
261,2016-01-15,39.793999,39.450001,40.998001,27893000,1.030255868479064,2
262,2016-01-19,41.742001,40.155998,40.944,20193500,0.9808825408250075,1
263,2016-01-20,39.880001,38.25,39.740002,29193000,0.9964894935684679,1
264,2016-01-21,40.310001,39.004002,39.993999,15831000,0.9921607047342916,1
265,2016-01-22,40.959999,39.806,40.509998,15620500,0.989013647192716,1
266,2016-01-25,40.012001,39.175999,39.276001,13493500,0.9816055188042209,1
267,2016-01-26,39.34,37.776001,38.712002,24821000,0.9840366548042704,1
268,2016-01-27,38.476002,37.153999,37.613998,18086000,0.9775963209483147,1
269,2016-01-28,38.158001,36.481998,37.939999,22964000,0.9942868600480408,1
270,2016-01-29,37.990002,37.616001,38.240002,14261500,1.0065806787796432,2
271,2016-02-01,37.751999,36.549999,39.388,26488000,1.0433354800629233,2
272,2016-02-02,38.484001,36.046001,36.556,28868000,0.9499012329825061,0
273,2016-02-03,36.717999,34.035999,34.695999,39657000,0.9449316396571611,0
274,2016-02-04,34.139999,33.397999,35.066002,21927000,1.0271236973381281,2
275,2016-02-05,34.259998,31.548,32.52,47188000,0.9492119643439559,0
276,2016-02-08,31.42,29.200001,29.598,46565000,0.9420114576702736,0
277,2016-02-09,28.464001,28.209999,29.65,43258000,1.0416666300707338,2
278,2016-02-10,30.1,28.348,28.733999,52032500,0.9546179069767442,0
279,2016-02-11,30.4,29.4,30.094,71262000,0.9899342105263159,1
280,2016-02-12,31.0,28.74,30.208,36179000,0.9744516129032258,1
281,2016-02-16,31.74,30.822001,31.034,27969000,0.9777567737870195,1
282,2016-02-17,31.799999,31.336,33.736,29126000,1.0608805365056773,3
283,2016-02-18,34.484001,32.953999,33.354,19438000,0.967231151628838,1
284,2016-02-19,32.731998,32.5,33.316002,14797000,1.0178419905805933,2
285,2016-02-22,34.023998,33.970001,35.548,25300500,1.0447919730068171,2
286,2016-02-23,35.231998,34.736,35.442001,29922000,1.0059605759514405,2
287,2016-02-24,34.549999,33.568001,35.799999,26978000,1.036179451119521,2
288,2016-02-25,35.73,35.040001,37.486,28753500,1.0491463755947383,3
289,2016-02-26,37.740002,37.0,38.068001,30325500,1.0086910170275032,2
290,2016-02-29,38.48,37.844002,38.386002,22495000,0.9975572245322245,1
291,2016-03-01,38.849998,36.540001,37.27,33561000,0.9593308087171588,0
292,2016-03-02,36.745998,36.299999,37.667999,24312000,1.0250911949649593,2
293,2016-03-03,37.655998,36.844002,39.147999,24145000,1.0396218684736493,2
294,2016-03-04,39.599998,39.5,40.208,32445500,1.0153535866340195,2
295,2016-03-07,39.535999,39.48,41.057999,26647000,1.0384965610708359,2
296,2016-03-08,40.700001,40.439999,40.52,20893500,0.9955773711160352,1
297,2016-03-09,40.903999,40.557999,41.743999,16043000,1.020535889412671,2
298,2016-03-10,42.0,40.133999,41.035999,25962500,0.9770475952380951,1
299,2016-03-11,41.585999,41.066002,41.5,16715500,0.9979320203417501,1
300,2016-03-14,42.529999,42.127998,43.029999,20328500,1.0117564075183731,2
301,2016-03-15,42.854,42.299999,43.667999,15902500,1.0189947029448827,2
302,2016-03-16,43.599998,43.403999,44.386002,17583500,1.0180276155058539,2
303,2016-03-17,44.293999,44.0,45.276001,18914500,1.0221700912577345,2
304,2016-03-18,45.82,45.612,46.548,23559000,1.0158882584024445,2
305,2016-03-21,47.068001,47.0,47.664001,26539000,1.0126625305374664,2
306,2016-03-22,47.442001,46.512001,46.848,21580000,0.987479427775401,1
307,2016-03-23,46.473999,44.405998,44.515999,24744000,0.9578689150464543,0
308,2016-03-24,43.155998,43.0,45.549999,24804500,1.0554731928572247,3
309,2016-03-28,46.321999,45.0,46.051998,19628500,0.9941712144158545,1
310,2016-03-29,45.978001,45.066002,46.026001,20071500,1.0010439775317765,1
311,2016-03-30,47.018002,45.299999,45.377998,20165000,0.9651196577855434,1
312,2016-03-31,45.868,45.001999,45.953999,40064500,1.0018749236940787,1
313,2016-04-01,48.966,46.650002,47.518002,79987500,0.970428501409141,1
314,2016-04-04,49.824001,48.728001,49.397999,67376500,0.9914498636911957,1
315,2016-04-05,48.099998,48.0,51.094002,49743500,1.0622454079935721,3
316,2016-04-06,50.793999,50.689999,53.084,58527500,1.0450840856220043,2
317,2016-04-07,53.290001,50.902,51.439999,44281000,0.9652842566094154,1
318,2016-04-08,52.099998,49.604,50.014,36819500,0.9599616491348043,0
319,2016-04-11,50.200001,49.060001,49.984001,45808500,0.9956972112410913,1
320,2016-04-12,49.900002,48.726002,49.563999,28816000,0.9932664732157727,1
321,2016-04-13,49.702,49.466,50.905998,24628000,1.0242243370488109,2
322,2016-04-14,50.599998,50.209999,50.372002,20661000,0.9954941500195317,1
323,2016-04-15,50.262001,49.824001,50.902,18762000,1.0127332574761598,2
324,2016-04-18,50.445999,50.332001,50.776001,21357000,1.0065416882714524,2
325,2016-04-19,50.624001,48.25,49.473999,31787500,0.9772834628381111,1
326,2016-04-20,49.251999,48.299999,49.993999,25970500,1.015065378361597,2
327,2016-04-21,49.798,49.382,49.658001,13915500,0.9971886621952688,1
328,2016-04-22,49.778,49.141998,50.75,18931500,1.0195266985415243,2
329,2016-04-25,50.602001,50.152,50.363998,18351500,0.9952965693985105,1
330,2016-04-26,50.41,49.877998,50.748001,16119000,1.0067050386828011,2
331,2016-04-27,50.549999,49.880001,50.293999,16029000,0.9949357071203898,1
332,2016-04-28,49.970001,49.487999,49.542,12595000,0.9914348410759487,1
333,2016-04-29,49.627998,47.562,48.152,27069000,0.9702587640146194,1
334,2016-05-02,48.299999,46.964001,48.360001,19219500,1.0012422774584322,1
335,2016-05-03,47.472,46.324001,46.464001,21511000,0.9787664518031682,1
336,2016-05-04,46.057999,44.080002,44.512001,43502500,0.966433669860473,1
337,2016-05-05,45.692001,41.958,42.306,56274000,0.925895103609054,0
338,2016-05-06,42.174,41.622002,42.986,28426000,1.0192535685493431,2
339,2016-05-09,43.144001,41.360001,41.784,23882000,0.9684776337734647,1
340,2016-05-10,41.509998,41.0,41.737999,20353000,1.0054926767281462,2
341,2016-05-11,41.518002,41.209999,41.792,25809500,1.0065994986945663,2
342,2016-05-12,42.287998,40.731998,41.456001,18252500,0.9803254578284836,1
343,2016-05-13,41.556,41.34,41.521999,14114000,0.9991818028684186,1
344,2016-05-16,41.630001,41.584,41.658001,14747000,1.0006725918646986,1
345,2016-05-17,41.810001,40.804001,40.931999,14218000,0.9790001918440518,1
346,2016-05-18,41.830002,41.549999,42.234001,28087500,1.009658115722777,2
347,2016-05-19,42.723999,41.459999,43.042,34331500,1.0074431468833243,2
348,2016-05-20,43.397999,43.27,44.056,45035500,1.0151620124236604,2
349,2016-05-23,43.973999,43.172001,43.243999,25512500,0.9833992810160387,1
350,2016-05-24,43.32,43.035999,43.582001,15069000,1.0060480378578023,2
351,2016-05-25,43.582001,43.301998,43.916,15634000,1.0076636912563972,2
352,2016-05-26,44.099998,43.810001,45.023998,20362000,1.0209523819026023,2
353,2016-05-27,44.998001,44.150002,44.608002,18251500,0.9913329705468471,1
354,2016-05-31,44.608002,44.299999,44.646,13945000,1.0008518202630998,1
355,2016-06-01,44.296001,43.377998,43.911999,14913500,0.9913310007375159,1
356,2016-06-02,43.917999,43.422001,43.792,10164000,0.9971310395995046,1
357,2016-06-03,44.0,43.602001,43.798,11145000,0.9954090909090909,1
358,2016-06-06,43.599998,43.09,44.136002,11247500,1.0122936702887004,2
359,2016-06-07,44.448002,44.304001,46.467999,31068000,1.0454462947513365,2
360,2016-06-08,46.759998,46.521999,47.104,29860000,1.0073567582274061,2
361,2016-06-09,46.995998,45.411999,45.872002,22460500,0.9760831549954531,1
362,2016-06-10,45.478001,43.683998,43.757999,30133000,0.9621794722243838,1
363,2016-06-13,43.900002,43.532001,43.574001,20965000,0.9925740094499312,1
364,2016-06-14,43.776001,42.506001,42.992001,17901000,0.9820906436839674,1
365,2016-06-15,43.389999,43.026001,43.540001,14542500,1.0034570639192684,1
366,2016-06-16,43.484001,42.700001,43.585999,12201500,1.002345644321,1
367,2016-06-17,43.562,42.900002,43.094002,15563000,0.9892567375235298,1
368,2016-06-20,43.900002,43.646,43.939999,17777500,1.0009110933525698,1
369,2016-06-21,44.136002,43.762001,43.922001,22645000,0.9951513279340527,1
370,2016-06-22,39.894001,39.150002,39.332001,118712000,0.985912668924834,1
371,2016-06-23,39.138,38.425999,39.279999,50653500,1.0036281618887015,1
372,2016-06-24,38.009998,37.945999,38.630001,35132500,1.0163115767593567,2
373,2016-06-27,38.172001,37.574001,39.709999,36027000,1.0402912595543525,2
374,2016-06-28,40.377998,39.882,40.358002,31062000,0.9995047798060717,1
375,2016-06-29,41.026001,40.599998,42.037998,29974500,1.0246672104356453,2
376,2016-06-30,42.594002,41.804001,42.456001,24215500,0.996760083731977,1
377,2016-07-01,41.228001,41.200001,43.299999,27000000,1.0502570570908836,3
378,2016-07-05,41.945999,41.599998,42.796001,25876500,1.0202641973075905,2
379,2016-07-06,42.0,41.799999,42.888,24599500,1.0211428571428571,2
380,2016-07-07,42.619999,42.602001,43.188,18060000,1.0133271002657696,2
381,2016-07-08,43.560001,42.900002,43.355999,20374000,0.9953167586015436,1
382,2016-07-11,43.992001,43.902,44.956001,27149000,1.0219130746064495,2
383,2016-07-12,44.82,44.644001,44.93,22856500,1.002454261490406,1
384,2016-07-13,45.099998,44.057999,44.506001,17835500,0.9868293342274649,1
385,2016-07-14,44.624001,44.209999,44.306,13379000,0.9928737676390783,1
386,2016-07-15,44.504002,43.928001,44.080002,11171000,0.9904727669210512,1
387,2016-07-18,43.928001,43.66,45.25,17060500,1.0300946769692525,2
388,2016-07-19,45.0,44.950001,45.051998,15575500,1.001155511111111,1
389,2016-07-20,45.293999,45.0,45.672001,12842500,1.0083455205622274,2
390,2016-07-21,45.200001,43.82,44.099998,22143500,0.9756636509808927,1
391,2016-07-22,44.397999,43.776001,44.453999,12898500,1.0012613181058003,1
392,2016-07-25,44.453999,44.273998,46.001999,22453500,1.0348225139430087,2
393,2016-07-26,45.537998,45.060001,45.902,17150000,1.0079933685270925,2
394,2016-07-27,45.868,45.383999,45.698002,14445000,0.9962937559954652,1
395,2016-07-28,45.59,45.32,46.122002,12095500,1.0116692695766616,2
396,2016-07-29,46.139999,46.048,46.958,15354000,1.0177286739863172,2
397,2016-08-01,47.099998,45.875999,46.001999,20081500,0.9766879183306971,1
398,2016-08-02,45.874001,44.279999,45.439999,19672000,0.9905392599176165,1
399,2016-08-03,45.473999,44.841999,45.158001,19439000,0.9930510180114135,1
400,2016-08-04,45.138,44.41,46.122002,20735000,1.0217998582125927,2
401,2016-08-05,46.0,45.48,46.006001,16026000,1.000130456521739,1
402,2016-08-08,45.599998,45.217999,45.231998,11318000,0.9919298242074484,1
403,2016-08-09,45.363998,45.330002,45.816002,11039000,1.0099639366001205,2
404,2016-08-10,45.647999,44.924,45.130001,11691500,0.9886523393938911,1
405,2016-08-11,45.234001,44.681999,44.981998,9404500,0.9944289031606998,1
406,2016-08-12,45.082001,44.807999,45.122002,9067500,1.0008872942441043,1
407,2016-08-15,45.203999,44.986,45.118,10171500,0.9980975355742309,1
408,2016-08-16,45.098,44.681999,44.722,11335500,0.9916626014457405,1
409,2016-08-17,44.866001,44.560001,44.647999,8935500,0.9951410423228939,1
410,2016-08-18,44.764,44.458,44.702,8572500,0.9986149584487534,1
411,2016-08-19,44.708,44.506001,45.0,8297500,1.0065312695714415,2
412,2016-08-22,44.834,44.535999,44.585999,10327500,0.9944684614355176,1
413,2016-08-23,44.863998,44.560001,44.967999,23922000,1.002318139368676,1
414,2016-08-24,45.41,44.444,44.523998,12853500,0.9804888350583573,1
415,2016-08-25,44.622002,44.153999,44.192001,8812500,0.9903634758476322,1
416,2016-08-26,44.428001,43.764,43.998001,11195000,0.9903214191428509,1
417,2016-08-29,44.029999,43.0,43.040001,16331500,0.9775153753694158,1
418,2016-08-30,43.222,42.104,42.268002,15844500,0.9779279533570867,1
419,2016-08-31,42.085999,41.73,42.402,16382500,1.0075084590483405,2
420,2016-09-01,41.801998,40.099998,40.153999,39715500,0.9605760710289494,0
421,2016-09-02,40.466,39.240002,39.556,29887000,0.9775119853704344,1
422,2016-09-06,39.804001,39.799999,40.566002,21953000,1.0191438292849002,2
423,2016-09-07,41.099998,40.141998,40.341999,18204500,0.9815572010490122,1
424,2016-09-08,39.91,39.271999,39.472,16889500,0.9890253069406165,1
425,2016-09-09,39.818001,38.740002,38.894001,18785000,0.9767944151691593,1
426,2016-09-12,39.0,38.82,39.66,18576000,1.0169230769230768,2
427,2016-09-13,39.411999,38.689999,39.209999,17947000,0.9948746573346864,1
428,2016-09-14,39.150002,38.972,39.282001,11272500,1.0033716217945532,1
429,2016-09-15,39.298,39.279999,40.084,15386000,1.0200010178635046,2
430,2016-09-16,40.084,39.799999,41.080002,15539000,1.0248478694741043,2
431,2016-09-19,41.400002,41.0,41.268002,11497500,0.9968115943569279,1
432,2016-09-20,41.369999,40.782001,40.928001,12052500,0.9893159775034077,1
433,2016-09-21,41.273998,40.312,41.043999,13167500,0.9944275085733153,1
434,2016-09-22,41.279999,40.599998,41.285999,11914500,1.0001453488407304,1
435,2016-09-23,41.198002,41.133999,41.490002,14526000,1.0070877223609047,2
436,2016-09-26,41.299999,41.299999,41.798,11972000,1.012058135885185,2
437,2016-09-27,41.93,40.922001,41.161999,16866000,0.9816837347960887,1
438,2016-09-28,41.501999,41.051998,41.254002,10442000,0.9940244565087094,1
439,2016-09-29,41.119999,40.116001,40.139999,13635000,0.9761673145955087,1
440,2016-09-30,40.442001,39.91,40.806,12931500,1.0090005190395994,2
441,2016-10-03,42.459999,41.650002,42.740002,29999500,1.0065945126376474,2
442,2016-10-04,42.619999,41.764,42.282001,17707500,0.9920694977022407,1
443,2016-10-05,42.448002,41.624001,41.692001,9387500,0.9821899508956863,1
444,2016-10-06,40.492001,40.042,40.200001,23517000,0.992788699180364,1
445,2016-10-07,40.200001,39.16,39.321999,17465000,0.9781591547721603,1
446,2016-10-10,40.27,39.931999,40.189999,16581500,0.9980133846535882,1
447,2016-10-11,40.369999,39.661999,40.02,11642000,0.9913302202459803,1
448,2016-10-12,40.189999,40.084,40.301998,9853500,1.002786738063865,1
449,2016-10-13,40.099998,39.41,40.048,12473000,0.9987032917058999,1
450,2016-10-14,40.132,39.259998,39.301998,21349500,0.9793181999401973,1
451,2016-10-17,39.41,38.400002,38.792,22770500,0.9843187008373511,1
452,2016-10-18,39.198002,38.652,39.82,28402500,1.015868104705949,2
453,2016-10-19,39.948002,39.612,40.712002,34956000,1.0191248613635293,2
454,2016-10-20,40.424,39.41,39.82,25364500,0.9850583811597071,1
455,2016-10-21,39.720001,39.481998,40.018002,14717000,1.0075025426107114,2
456,2016-10-24,40.200001,40.049999,40.551998,13758000,1.0087561440607924,2
457,2016-10-25,40.580002,40.240002,40.467999,12225000,0.9972399459221317,1
458,2016-10-26,40.200001,40.02,40.448002,28164000,1.0061691789510154,2
459,2016-10-27,42.268002,40.330002,40.801998,65468500,0.9653164585352294,1
460,2016-10-28,40.799999,39.966,39.993999,21400500,0.980245097555027,1
461,2016-10-31,40.498001,39.161999,39.546001,23461500,0.9764926668849654,1
462,2016-11-01,39.608002,37.622002,38.158001,35300000,0.9633912106952529,1
463,2016-11-02,38.009998,37.501999,37.604,21267000,0.9893186524240279,1
464,2016-11-03,37.799999,37.408001,37.484001,13265000,0.9916402643291075,1
465,2016-11-04,37.799999,37.192001,38.112,25730000,1.0082539949273543,2
466,2016-11-07,38.717999,38.009998,38.641998,19350500,0.9980370628141192,1
467,2016-11-08,38.757999,38.251999,38.987999,16338000,1.0059342588867914,2
468,2016-11-09,37.375999,36.790001,38.012001,40865500,1.0170163210888357,2
469,2016-11-10,38.209999,36.084,37.07,33751500,0.9701649036944491,1
470,2016-11-11,36.848,36.599998,37.712002,19942500,1.0234477312201475,2
471,2016-11-14,37.599998,35.638,36.290001,32761000,0.9651596524021091,1
472,2016-11-15,36.556,36.41,36.754002,19510000,1.0054164022321919,2
473,2016-11-16,36.529999,36.242001,36.785999,17172000,1.0070079388723772,2
474,2016-11-17,36.698002,36.422001,37.731998,24435500,1.028175811860275,2
475,2016-11-18,38.130001,37.0,37.004002,26051500,0.9704694736304885,1
476,2016-11-21,37.007999,36.882,36.903999,21805000,0.9971897967247567,1
477,2016-11-22,37.167999,36.742001,38.234001,28017000,1.0286806400312267,2
478,2016-11-23,38.122002,37.799999,38.627998,24459500,1.0132730699715087,2
479,2016-11-25,38.728001,38.728001,39.330002,11830500,1.0155443344467998,2
480,2016-11-28,39.096001,38.91,39.223999,22646000,1.003273940984399,1
481,2016-11-29,39.112,37.900002,37.914001,22196500,0.9693700398854571,1
482,2016-11-30,38.200001,37.5,37.880001,17735500,0.9916230368685068,1
483,2016-12-01,37.650002,36.200001,36.375999,25632000,0.966161940708529,1
484,2016-12-02,36.576,36.0,36.293999,20211500,0.9922899989063867,1
485,2016-12-05,36.501999,36.501999,37.360001,20361000,1.023505616774577,2
486,2016-12-06,37.104,36.535999,37.169998,16958000,1.0017787300560586,1
487,2016-12-07,37.23,37.0,38.630001,27309500,1.0376041095890411,2
488,2016-12-08,38.41,37.908001,38.458,15970500,1.0012496745639157,1
489,2016-12-09,38.174,38.161999,38.436001,13612500,1.0068633363021953,2
490,2016-12-12,38.560001,38.236,38.486,12194500,0.99808088697923,1
491,2016-12-13,38.636002,38.599998,39.630001,34119500,1.0257272737484588,2
492,2016-12-14,39.748001,39.352001,39.737999,20754500,0.9997483647039256,1
493,2016-12-15,39.681999,39.478001,39.515999,16098000,0.9958167430022868,1
494,2016-12-16,39.616001,39.52,40.498001,18984500,1.0222637312635368,2
495,2016-12-19,40.498001,39.967999,40.546001,17440500,1.001185243686472,1
496,2016-12-20,40.610001,40.5,41.757999,23445500,1.0282688493408312,2
497,2016-12-21,41.689999,41.481998,41.540001,26038000,0.9964020627585046,1
498,2016-12-22,41.644001,41.299999,41.689999,15555500,1.0011045528502411,1
499,2016-12-23,41.599998,41.542,42.667999,23352500,1.0256731021958223,2
500,2016-12-27,42.976002,42.883999,43.905998,29578500,1.0216398910256936,2
501,2016-12-28,44.306,43.439999,43.948002,18912500,0.9919198754119082,1
502,2016-12-29,43.712002,42.824001,42.936001,20225000,0.9822474157097631,1
503,2016-12-30,43.259998,42.335999,42.737999,23213000,0.9879334483556841,1
504,2017-01-03,42.972,42.192001,43.397999,29616500,1.009913408731267,2
505,2017-01-04,42.950001,42.862,45.397999,56067500,1.056996459674122,3
506,2017-01-05,45.284,44.389999,45.349998,29558500,1.0014574242558079,1
507,2017-01-06,45.386002,45.09,45.801998,27639500,1.00916573352286,2
508,2017-01-09,45.793999,45.599998,46.256001,19897500,1.010088701796932,2
509,2017-01-10,46.400002,45.377998,45.973999,18300000,0.9908189012578059,1
510,2017-01-11,45.813999,45.335999,45.945999,18254000,1.0028812154119093,1
511,2017-01-12,45.812,45.116001,45.917999,18951000,1.0023137824150878,1
512,2017-01-13,46.0,45.917999,47.549999,30465000,1.0336956304347826,2
513,2017-01-17,47.34,46.874001,47.116001,23087500,0.995268293198141,1
514,2017-01-18,47.330002,47.116001,47.672001,18845000,1.007225839542538,2
515,2017-01-19,49.450001,48.150002,48.751999,38661500,0.9858846918931305,1
516,2017-01-20,49.091999,48.602001,48.945999,21021500,0.997025991954412,1
517,2017-01-23,49.169998,49.099998,49.784,31314500,1.0124873301804893,2
518,2017-01-24,50.0,49.93,50.922001,24827500,1.0184400200000001,2
519,2017-01-25,51.462002,50.360001,50.894001,25713000,0.9889627107783332,1
520,2017-01-26,50.858002,50.150002,50.501999,15760500,0.9930000592630438,1
521,2017-01-27,50.276001,49.703999,50.59,15831500,1.0062455046892056,2
522,2017-01-30,50.506001,49.419998,50.125999,19005500,0.9924761019982556,1
523,2017-01-31,49.848,49.540001,50.386002,20580500,1.010792850264805,2
524,2017-02-01,50.610001,49.810001,49.848,19794000,0.9849436675569321,1
525,2017-02-02,49.667999,49.542,50.310001,12499000,1.0129258680221847,2
526,2017-02-03,50.382,49.936001,50.265999,10933500,0.9976975705609147,1
527,2017-02-06,50.200001,50.125999,51.554001,17812500,1.0269721110164918,2
528,2017-02-07,51.638,51.284,51.495998,21224000,0.9972500484139587,1
529,2017-02-08,51.470001,51.240002,52.416,19665000,1.018379618838554,2
530,2017-02-09,53.25,53.23,53.84,39101000,1.0110798122065727,2
531,2017-02-10,53.958,53.222,53.846001,18098500,0.9979243300344713,1
532,2017-02-13,54.147999,54.102001,56.119999,35148000,1.0364187049645177,2
533,2017-02-14,55.806,55.722,56.195999,36726000,1.00698847794144,2
534,2017-02-15,56.0,55.287998,55.952,24739500,0.9991428571428571,1
535,2017-02-16,55.52,53.700001,53.790001,35386500,0.9688400756484149,1
536,2017-02-17,53.16,52.830002,54.445999,31285500,1.024191102332581,2
537,2017-02-21,55.09,54.801998,55.478001,28383500,1.0070430386640044,2
538,2017-02-22,56.062,54.52,54.702,43775000,0.9757411437337233,1
539,2017-02-23,52.799999,51.112,51.198002,74576000,0.9696591471526355,1
540,2017-02-24,50.532001,50.040001,51.400002,40858000,1.0171772536773283,2
541,2017-02-27,49.633999,48.402,49.245998,57304000,0.992182757629503,1
542,2017-02-28,48.838001,48.779999,49.998001,30390500,1.0237519959099064,2
543,2017-03-01,50.835999,49.821999,50.004002,24047500,0.9836337041394623,1
544,2017-03-02,49.942001,49.653999,50.096001,16759000,1.0030835768875181,1
545,2017-03-03,50.147999,49.799999,50.313999,14597000,1.0033102018686728,1
546,2017-03-06,49.582001,49.501999,50.242001,16777500,1.013311282051727,2
547,2017-03-07,50.383999,49.664001,49.717999,17297500,0.986781517679849,1
548,2017-03-08,49.400002,49.063999,49.374001,18626000,0.9994736639889205,1
549,2017-03-09,49.526001,48.599998,48.98,19396500,0.988975467653849,1
550,2017-03-10,49.242001,48.599998,48.737999,15331500,0.9897647944891598,1
551,2017-03-13,48.964001,48.556,49.234001,15113000,1.0055142552586747,2
552,2017-03-14,49.222,49.203999,51.599998,37992000,1.0483116898947624,2
553,2017-03-15,51.400002,50.854,51.146,26654000,0.995058327040532,1
554,2017-03-16,52.48,51.812,52.41,35661000,0.9986661585365854,1
555,2017-03-17,52.799999,52.240002,52.299999,32487500,0.9905303028509527,1
556,2017-03-20,52.119999,51.764,52.383999,18071500,1.0050652341723951,2
557,2017-03-21,52.566002,50.048,50.136002,34543000,0.9537724021697522,0
558,2017-03-22,50.312,50.102001,51.001999,20296500,1.0137144021307045,2
559,2017-03-23,51.077999,50.66,50.956001,16601000,0.9976115352521935,1
560,2017-03-24,51.139999,51.001999,52.632,28236500,1.0291748343600866,2
561,2017-03-27,52.119999,51.950001,54.043999,31154000,1.0369148126806371,2
562,2017-03-28,55.403999,55.0,55.490002,39938000,1.0015522886714368,1
563,2017-03-29,55.667999,55.108002,55.476002,18381000,0.9965510346437996,1
564,2017-03-30,55.608002,55.442001,55.584,20742000,0.9995683714728684,1
565,2017-03-31,55.745998,55.264,55.66,16473000,0.9984573242369792,1
566,2017-04-03,57.380001,56.916,59.703999,69443000,1.0405018814830624,2
567,2017-04-04,59.377998,58.905998,60.740002,50673000,1.0229378565441023,2
568,2017-04-05,60.408001,58.84,59.0,39404500,0.9766918127285821,1
569,2017-04-06,59.375999,58.82,59.740002,27603000,1.006130473695272,2
570,2017-04-07,59.5,59.43,60.507999,22898000,1.0169411596638656,2
571,2017-04-10,61.830002,61.742001,62.478001,38322500,1.0104803328325946,2
572,2017-04-11,62.675999,61.099998,61.742001,28623000,0.98509799580538,1
573,2017-04-12,61.268002,59.264,59.368,30253500,0.9689886737289066,1
574,2017-04-13,59.34,59.060001,60.799999,46423000,1.0246039602291876,2
575,2017-04-17,60.540001,59.736,60.287998,20693500,0.9958374133492335,1
576,2017-04-18,59.939999,59.580002,60.049999,15178500,1.001835168532452,1
577,2017-04-19,60.492001,60.422001,61.104,19490000,1.0101170235714305,2
578,2017-04-20,61.301998,60.046001,60.501999,30747000,0.9869498707040512,1
579,2017-04-21,60.400002,60.084,61.119999,22549000,1.0119204797377324,2
580,2017-04-24,61.844002,61.203999,61.605999,25417500,0.9961515588852091,1
581,2017-04-25,61.599998,61.172001,62.757999,33688500,1.0187987181428155,2
582,2017-04-26,62.473999,61.799999,62.034,23475000,0.992957086035104,1
583,2017-04-27,62.338001,61.5,61.726002,17343000,0.9901825693769039,1
584,2017-04-28,61.966,61.599998,62.813999,22527500,1.0136849078526935,2
585,2017-05-01,62.976002,62.962002,64.566002,44148000,1.0252477126128139,2
586,2017-05-02,64.800003,63.312,63.778,26914000,0.984228349495601,1
587,2017-05-03,63.534,62.09,62.203999,35667000,0.9790663109516166,1
588,2017-05-04,61.487999,58.152,59.091999,70760000,0.9610330464648882,0
589,2017-05-05,59.599998,59.360001,61.669998,40886500,1.0347315447896492,2
590,2017-05-08,62.18,61.164001,61.438,35032500,0.98806690254101,1
591,2017-05-09,61.875999,61.82,64.251999,48382500,1.0383993800245552,2
592,2017-05-10,64.311996,63.624001,65.043999,28708000,1.011382060043666,2
593,2017-05-11,64.68,63.919998,64.620003,23769000,0.9990724025974025,1
594,2017-05-12,65.096001,64.306,64.961998,20608000,0.9979414557278257,1
595,2017-05-15,63.675999,62.506001,63.175999,38110000,0.9921477478508033,1
596,2017-05-16,63.518002,63.028,63.402,20762500,0.9981737145951158,1
597,2017-05-17,62.877998,61.099998,61.222,33559500,0.9736633154255325,1
598,2017-05-18,61.400002,61.062,62.612,28269000,1.0197393804645154,2
599,2017-05-19,63.099998,62.040001,62.166,23438000,0.9851981294833004,1
600,2017-05-22,62.560001,61.360001,62.07,21646000,0.9921675033221307,1
601,2017-05-23,62.091999,60.695999,60.771999,21592000,0.9787412223594218,1
602,2017-05-24,61.301998,61.080002,62.043999,25166500,1.0121040263646872,2
603,2017-05-25,62.203999,61.562,63.366001,25070000,1.0186805031618624,2
604,2017-05-26,63.456001,63.262001,65.028,39011000,1.024773054955039,2
605,2017-05-30,65.199997,65.152,67.019997,38914500,1.0279141117138395,2
606,2017-05-31,67.538002,67.031998,68.202003,49817000,1.0098315167807304,2
607,2017-06-01,68.800003,67.458,68.073997,38040000,0.9894475876694366,1
608,2017-06-02,67.954002,67.185997,67.970001,27951000,1.000235438672177,1
609,2017-06-05,67.699997,66.842003,69.463997,33922000,1.0260561311398582,2
610,2017-06-06,68.940002,67.994003,70.57,55434000,1.0236437184901734,2
611,2017-06-07,71.267998,71.028,71.93,46990000,1.0092889097291606,2
612,2017-06-08,72.75,72.043999,74.0,45307500,1.0171821305841924,2
613,2017-06-09,74.884003,70.959999,71.463997,86307000,0.95432928445345,0
614,2017-06-12,71.598,70.124001,71.802002,52588500,1.0028492695326685,1
615,2017-06-13,73.524002,73.321999,75.190002,59039500,1.022659267105727,2
616,2017-06-14,76.218002,75.262001,76.132004,64092000,0.9988716838838152,1
617,2017-06-15,74.5,73.297997,75.068001,52132500,1.0076241744966443,2
618,2017-06-16,75.596001,74.019997,74.279999,33655000,0.9825916452908666,1
619,2017-06-19,75.0,73.559998,73.959999,32746500,0.98613332,1
620,2017-06-20,75.334,73.945999,74.447998,37193500,0.9882390155839328,1
621,2017-06-21,74.870003,73.603996,75.279999,24616000,1.0054761050296739,2
622,2017-06-22,75.598,74.713997,76.522003,37649000,1.0122225852535782,2
623,2017-06-23,76.489998,75.870003,76.690002,32229000,1.0026147732413329,1
624,2017-06-26,77.337997,74.620003,75.498001,33020500,0.976208383053934,1
625,2017-06-27,75.279999,72.403999,72.473999,34982000,0.962725823096783,1
626,2017-06-28,73.335999,72.503998,74.248001,31512500,1.0124359388627133,2
627,2017-06-29,74.122002,70.82,72.150002,41105000,0.9733952140148617,1
628,2017-06-30,72.741997,71.924004,72.321999,29242500,0.9942261964570481,1
629,2017-07-03,74.047997,70.300003,70.524002,31527000,0.9524093136509824,0
630,2017-07-05,69.440002,65.265999,65.417999,85233500,0.942079451553011,0
631,2017-07-06,63.452,61.259998,61.765999,96622500,0.9734287177709134,1
632,2017-07-07,62.700001,61.476002,62.644001,70884500,0.9991068580684712,1
633,2017-07-10,62.580002,60.625999,63.209999,69104500,1.0100670658335869,2
634,2017-07-11,63.200001,62.860001,65.444,57797000,1.0355063127293305,2
635,2017-07-12,66.080002,64.900002,65.903999,51730500,0.9973365164244397,1
636,2017-07-13,66.022003,63.993999,64.681999,42972500,0.9797036754549844,1
637,2017-07-14,64.638,64.244003,65.556,28126000,1.0142021720969088,2
638,2017-07-17,65.108002,62.689999,63.914001,49384500,0.9816612249904397,1
639,2017-07-18,63.5,63.132,65.648003,31868500,1.0338268188976378,2
640,2017-07-19,65.646004,64.643997,65.052002,31785000,0.9909514370440583,1
641,2017-07-20,65.379997,64.839996,65.984001,25831000,1.0092383607787563,2
642,2017-07-21,65.891998,65.160004,65.68,24508000,0.9967826442294253,1
643,2017-07-24,66.047997,66.001999,68.503998,43185500,1.037185094348887,2
644,2017-07-25,69.0,66.830002,67.919998,34946000,0.9843477971014494,1
645,2017-07-26,68.071999,67.624001,68.769997,24104000,1.0102538196358828,2
646,2017-07-27,69.199997,65.258003,66.891998,41512000,0.9666474118488763,1
647,2017-07-28,67.377998,66.501999,67.014,24402000,0.9945976726705354,1
648,2017-07-31,67.099998,64.208,64.694,42675500,0.9641430987822086,1
649,2017-08-01,64.599998,63.226002,63.914001,41515500,0.9893808510644226,1
650,2017-08-02,63.787998,62.243999,65.178001,65457500,1.021790980177807,2
651,2017-08-03,69.066002,68.629997,69.417999,67675000,1.0050965307069606,2
652,2017-08-04,69.400002,68.660004,71.382004,46344500,1.028559105805213,2
653,2017-08-07,71.470001,70.550003,71.033997,31622500,0.9938994823856236,1
654,2017-08-08,71.505997,71.480003,73.043999,37249000,1.0215087134579777,2
655,2017-08-09,72.199997,71.790001,72.706001,34460500,1.007008365942176,2
656,2017-08-10,72.32,70.931999,71.080002,35464500,0.9828540099557522,1
657,2017-08-11,71.393997,70.723999,71.573997,21829000,1.0025212203765537,1
658,2017-08-14,72.926003,72.519997,72.760002,22596000,0.9977237063163876,1
659,2017-08-15,73.040001,71.874001,72.466003,15425500,0.9921413199323477,1
660,2017-08-16,72.599998,72.503998,72.582001,17069000,0.9997521074311876,1
661,2017-08-17,72.241997,70.318001,70.384003,25138500,0.9742809712195527,1
662,2017-08-18,70.582001,69.160004,69.491997,27041000,0.9845569127460695,1
663,2017-08-21,69.164001,66.370003,67.571999,32477000,0.9769822165146288,1
664,2017-08-22,68.225998,67.473999,68.269997,21610000,1.000644900789872,1
665,2017-08-23,67.797997,67.660004,70.554001,24772500,1.0406502274691096,2
666,2017-08-24,70.503998,69.947998,70.585999,22923500,1.001163068795049,1
667,2017-08-25,70.848,69.459999,69.610001,17420000,0.9825259852077687,1
668,2017-08-28,69.456001,67.944,69.132004,18820000,0.9953352194866502,1
669,2017-08-29,67.896004,67.75,69.472,20368500,1.0232119109690165,2
670,2017-08-30,69.933998,69.400002,70.636002,17064500,1.0100380933462434,2
671,2017-08-31,70.709999,70.564003,71.18,20364000,1.0066468817231917,2
672,2017-09-01,71.223999,70.737999,71.080002,15247500,0.9979782516845198,1
673,2017-09-05,70.760002,69.178001,69.917999,19175500,0.9881005797597348,1
674,2017-09-06,69.900002,68.311996,68.905998,20457000,0.9857796284469348,1
675,2017-09-07,69.195999,68.690002,70.122002,21196000,1.0133823199806682,2
676,2017-09-08,69.797997,68.459999,68.68,16317500,0.9839823913571619,1
677,2017-09-11,70.269997,70.0,72.737999,38335500,1.0351217035059785,2
678,2017-09-12,72.898003,72.080002,72.550003,29864500,0.9952262066767453,1
679,2017-09-13,72.764,71.917999,73.246002,20926000,1.0066241822879447,2
680,2017-09-14,72.865997,72.526001,75.528,36012500,1.0365328563335243,2
681,2017-09-15,74.902,74.540001,75.961998,27102500,1.0141517983498438,2
682,2017-09-18,76.050003,75.536003,77.0,35940000,1.0124917417820483,2
683,2017-09-19,76.0,74.713997,75.019997,32259500,0.9871052236842106,1
684,2017-09-20,74.599998,74.213997,74.781998,24595500,1.0024396783495892,1
685,2017-09-21,74.980003,72.902,73.295998,23091000,0.9775406117281698,1
686,2017-09-22,73.297997,70.176003,70.218002,40797000,0.957979820376265,0
687,2017-09-25,70.629997,68.575996,68.998001,38029500,0.9768937268962364,1
688,2017-09-26,70.185997,68.18,69.050003,35781500,0.983814520722702,1
689,2017-09-27,69.980003,68.099998,68.194,30301500,0.9744783806311069,1
690,2017-09-28,67.975998,67.080002,67.919998,26598000,0.9991761798039361,1
691,2017-09-29,68.372002,67.720001,68.220001,25535500,0.9977768531627903,1
692,2017-10-02,68.503998,67.101997,68.306,26434000,0.9971096869411914,1
693,2017-10-03,67.18,66.255997,69.627998,50768000,1.0364393867222388,2
694,2017-10-04,70.25,69.919998,71.001999,40817500,1.0107046120996441,2
695,2017-10-05,71.199997,70.269997,71.066002,20858500,0.9981180476735133,1
696,2017-10-06,70.620003,70.449997,71.375999,21487500,1.0107051255718582,2
697,2017-10-09,69.93,68.533997,68.587997,37468500,0.9808093379093379,1
698,2017-10-10,69.360001,69.106003,71.117996,34892500,1.0253459483081613,2
699,2017-10-11,70.778,70.230003,70.919998,22504000,1.002006244878352,1
700,2017-10-12,70.589996,70.528,71.136002,20435000,1.007734892066009,2
701,2017-10-13,71.396004,70.736,71.113998,17702500,0.996050115073667,1
702,2017-10-16,70.751999,69.431999,70.120003,26877500,0.9910674467303744,1
703,2017-10-17,70.181999,70.014,71.150002,16466500,1.013792753324111,2
704,2017-10-18,71.194,70.825996,71.93,24695500,1.0103379498272327,2
705,2017-10-19,71.112,69.639999,70.362,25309000,0.9894532568342895,1
706,2017-10-20,70.538002,68.867996,69.019997,24652000,0.9784796144353507,1
707,2017-10-23,69.975998,67.25,67.403999,28736500,0.9632445542255789,1
708,2017-10-24,67.760002,67.232002,67.468002,22458500,0.995690673090594,1
709,2017-10-25,67.339996,64.711998,65.167999,42970500,0.9677458103799115,1
710,2017-10-26,65.556,64.639999,65.234001,25117500,0.9950881841479042,1
711,2017-10-27,63.950001,63.332001,64.174004,34898500,1.0035027833697765,1
712,2017-10-30,63.835999,63.450001,64.015999,21272000,1.0028197255908848,1
713,2017-10-31,64.045998,64.036003,66.306,28361500,1.0352871696995025,2
714,2017-11-01,66.449997,64.052002,64.216003,42286500,0.9663808261721969,1
715,2017-11-02,60.026001,58.526001,59.852001,98957000,0.9971012561706385,1
716,2017-11-03,59.900002,59.026001,61.217999,44470000,1.0220032880800238,2
717,2017-11-06,61.400002,59.801998,60.556,32430000,0.986254039535699,1
718,2017-11-07,60.203999,60.006001,61.209999,26471500,1.0167098534434564,2
719,2017-11-08,61.099998,60.259998,60.877998,23626500,0.9963666119923604,1
720,2017-11-09,60.5,59.259998,60.598,27235500,1.001619834710744,1
721,2017-11-10,60.5,60.369999,60.598,23127000,1.001619834710744,1
722,2017-11-13,60.026001,59.821999,63.080002,37924500,1.050877968698931,3
723,2017-11-14,63.0,61.380001,61.740002,28380500,0.9800000317460317,1
724,2017-11-15,61.202,60.299999,62.259998,29893500,1.0172869840854875,2
725,2017-11-16,62.798,62.259998,62.5,29110500,0.9952546259435013,1
726,2017-11-17,65.134003,62.630001,63.009998,68675500,0.967390227804669,1
727,2017-11-20,62.757999,60.950001,61.748001,41238500,0.9839064658514687,1
728,2017-11-21,62.172001,61.742001,63.562,36306500,1.0223573148305134,2
729,2017-11-22,63.354,62.368,62.52,24588000,0.9868358746093381,1
730,2017-11-24,62.757999,62.200001,63.110001,16220500,1.0056088786387214,2
731,2017-11-27,62.650002,61.902,63.362,22779500,1.0113646923746307,2
732,2017-11-28,63.271999,62.784,63.509998,24747500,1.0037615217436073,1
733,2017-11-29,63.459999,60.245998,61.507999,43837000,0.9692404659508425,1
734,2017-11-30,61.712002,60.908001,61.77,21758000,1.0009398171849944,1
735,2017-12-01,61.088001,61.009998,61.306,21464500,1.0035686058871038,1
736,2017-12-04,61.299999,60.122002,61.040001,29175500,0.9957585969944306,1
737,2017-12-05,60.400002,60.200001,60.740002,23232500,1.0056291388864522,2
738,2017-12-06,60.02,60.0,62.652,35976500,1.0438520493168943,2
739,2017-12-07,62.400002,62.209999,62.248001,23903000,0.9975640866165357,1
740,2017-12-08,62.919998,62.251999,63.026001,17342500,1.0016847266905509,1
741,2017-12-11,62.925999,62.75,65.781998,39690000,1.0453866294597882,2
742,2017-12-12,66.089996,66.005997,68.206001,43666000,1.03201702418018,2
743,2017-12-13,68.185997,67.300003,67.806,31107500,0.9944270522289202,1
744,2017-12-14,68.202003,67.379997,67.578003,28999500,0.9908507085928252,1
745,2017-12-15,68.407997,67.152,68.690002,34666000,1.0041223981459362,1
746,2017-12-18,68.980003,67.515999,67.774002,27381000,0.9825166577623953,1
747,2017-12-19,68.052002,66.059998,66.220001,34125000,0.973079395959578,1
748,2017-12-20,66.538002,65.008003,65.795998,29769000,0.9888484177808644,1
749,2017-12-21,65.917999,65.442001,66.332001,21926000,1.0062805607919016,2
750,2017-12-22,65.902,64.963997,65.040001,21079000,0.9869199872538011,1
751,2017-12-26,64.765999,63.316002,63.458,21892000,0.9798042333910422,1
752,2017-12-27,63.200001,62.150002,62.327999,23560500,0.9862025002183148,1
753,2017-12-28,62.349998,61.908001,63.071999,21581500,1.0115798079095368,2
754,2017-12-29,63.236,62.0,62.27,18886000,0.984723891454235,1
755,2018-01-02,62.400002,62.200001,64.106003,21761000,1.0273397587391102,2
756,2018-01-03,64.199997,63.110001,63.450001,22607500,0.9883178187687455,1
757,2018-01-04,62.574001,61.136002,62.924,49731500,1.0055933613706434,2
758,2018-01-05,63.324001,62.400002,63.316002,22956000,0.9998736813866198,1
759,2018-01-08,63.200001,63.099998,67.281998,49297000,1.0645885591046114,3
760,2018-01-09,67.031998,65.480003,66.737999,35733000,0.9956140498751059,1
761,2018-01-10,66.440002,66.0,66.959999,21549500,1.007826565086497,2
762,2018-01-11,67.047997,66.652,67.589996,33227500,1.008083746334734,2
763,2018-01-12,67.725998,66.734001,67.244003,24125500,0.992883161352602,1
764,2018-01-16,67.508003,66.959999,68.012001,32371500,1.0074657518753738,2
765,2018-01-17,68.094002,67.949997,69.431999,35517500,1.0196492636752352,2
766,2018-01-18,69.134003,68.748001,68.914001,28429000,0.9968177453864489,1
767,2018-01-19,69.0,68.519997,70.003998,24441500,1.014550695652174,2
768,2018-01-22,69.879997,69.839996,70.311996,31052000,1.006182012286005,2
769,2018-01-23,72.0,70.199997,70.557999,27327000,0.9799722083333333,1
770,2018-01-24,70.916,68.704002,69.178001,26437500,0.9754921456370917,1
771,2018-01-25,69.653999,67.279999,67.528,33701500,0.9694777179986466,1
772,2018-01-26,68.300003,67.141998,68.57,22697000,1.0039531037795122,1
773,2018-01-29,67.970001,67.655998,69.905998,23735500,1.0284831097766205,2
774,2018-01-30,69.028,68.433998,69.164001,23588500,1.0019702294720982,1
775,2018-01-31,69.501999,69.038002,70.862,31070500,1.0195677968917123,2
776,2018-02-01,70.199997,69.725998,69.849998,20988500,0.9950142590461934,1
777,2018-02-02,69.688004,68.101997,68.75,18524000,0.9865399502617408,1
778,2018-02-05,67.594002,66.599998,66.625999,22320500,0.9856791583371552,1
779,2018-02-06,65.042,64.699997,66.793999,25442000,1.0269364256941669,2
780,2018-02-07,67.797997,67.132004,69.0,34846000,1.0177291815862939,2
781,2018-02-08,68.662003,62.919998,63.046001,51573000,0.9182080080011648,0
782,2018-02-09,63.986,58.952,62.084,64668500,0.9702747476010378,1
783,2018-02-12,63.226002,61.25,63.146,31139000,0.9987346661583948,1
784,2018-02-13,63.004002,62.501999,64.732002,22801000,1.027426829171899,2
785,2018-02-14,64.167999,63.703999,64.461998,19753500,1.004581707464495,1
786,2018-02-15,64.900002,64.480003,66.814003,29564500,1.0294915399232192,2
787,2018-02-16,66.5,66.328003,67.098,28213000,1.0089924812030076,2
788,2018-02-20,66.893997,66.300003,66.954002,20047000,1.0008970162150723,1
789,2018-02-21,67.206001,66.634003,66.660004,16098000,0.9918757701414194,1
790,2018-02-22,67.106003,66.949997,69.234001,34849000,1.03171099312829,2
791,2018-02-23,69.566002,69.419998,70.410004,29087000,1.0121323919117848,2
792,2018-02-26,70.699997,70.472,71.484001,21700000,1.011089165958522,2
793,2018-02-27,71.25,70.001999,70.197998,23987000,0.9852350596491228,1
794,2018-02-28,70.514,68.444,68.612,30348500,0.9730266330090478,1
795,2018-03-01,69.001999,66.014,66.185997,34428000,0.9591895591314681,0
796,2018-03-02,65.396004,64.594002,67.024002,25464000,1.024894456853969,2
797,2018-03-05,66.477997,65.858002,66.669998,19119000,1.0028881887040009,1
798,2018-03-06,66.75,65.405998,65.639999,21428500,0.9833707715355806,1
799,2018-03-07,65.087997,64.348,66.459999,25036500,1.021079186074815,2
800,2018-03-08,66.571999,65.253998,65.82,17831000,0.9887039744743129,1
801,2018-03-09,64.82,64.473999,65.433998,27534000,1.0094723542116633,2
802,2018-03-12,65.722,65.300003,69.101997,41320000,1.051428699674386,3
803,2018-03-13,65.722,65.300003,68.367996,29829000,1.040260430297313,2
804,2018-03-14,67.351997,64.786003,65.325996,39837000,0.9699192141251581,1
805,2018-03-15,65.875999,64.220001,65.120003,32824000,0.9885239539213668,1
806,2018-03-16,64.585999,63.813999,64.269997,30586500,0.995107267753186,1
807,2018-03-19,63.299999,61.933998,62.712002,37421500,0.9907109477205521,1
808,2018-03-20,62.973999,61.751999,62.110001,23821500,0.9862800836262597,1
809,2018-03-21,62.049999,62.037998,63.306,29792000,1.0202417569740814,2
810,2018-03-22,62.778,61.636002,61.82,24699000,0.984739877026984,1
811,2018-03-23,62.25,60.09,60.307999,33274500,0.9688031967871487,1
812,2018-03-26,61.467999,58.271999,60.835999,41876000,0.9897182272030688,1
813,2018-03-27,60.799999,55.436001,55.835999,69360000,0.9183552618150537,0
814,2018-03-28,52.916,50.419998,51.556,105007000,0.9742988888048983,1
815,2018-03-29,51.298,49.641998,53.226002,75853500,1.037584350267067,2
816,2018-04-02,51.251999,48.917999,50.495998,80570000,0.9852493363234477,1
817,2018-04-03,53.964001,50.897999,53.506001,94222000,0.9915128605827428,1
818,2018-04-04,50.556,50.400002,57.388,99483500,1.1351372735184746,4
819,2018-04-05,57.868,57.639999,61.144001,95605500,1.056611616091795,3
820,2018-04-06,60.200001,59.099998,59.860001,67601500,0.9943521595622564,1
821,2018-04-09,60.074001,57.841999,57.931999,51249000,0.964343943064488,1
822,2018-04-10,59.793999,58.736,60.939999,54949000,1.019165802909419,2
823,2018-04-11,60.147999,59.931999,60.186001,37414500,1.0006318082169283,1
824,2018-04-12,60.464001,58.736,58.816002,38044000,0.9727441291885397,1
825,2018-04-13,60.720001,59.195999,60.068001,36636000,0.9892621872651155,1
826,2018-04-16,59.799999,57.801998,58.242001,31692500,0.9739465213034536,1
827,2018-04-17,57.773998,56.501999,57.537998,35000000,0.9959151173855062,1
828,2018-04-18,58.216,57.632,58.669998,32788500,1.007798509000962,2
829,2018-04-19,58.216,57.709999,60.015999,30453000,1.0309193177133433,2
830,2018-04-20,59.034,57.950001,58.048,28139500,0.9832977606125284,1
831,2018-04-23,58.257999,56.466,56.674,24467000,0.9728106178174778,1
832,2018-04-24,57.0,55.692001,56.692001,28426500,0.9945965087719297,1
833,2018-04-25,56.700001,55.450001,56.138,20068000,0.9900881659596443,1
834,2018-04-26,55.75,55.299999,57.096001,21780000,1.0241435156950673,2
835,2018-04-27,57.074001,56.765999,58.816002,21823000,1.0305217957297228,2
836,2018-04-30,58.722,58.5,58.779999,21141000,1.0009876877490549,1
837,2018-05-01,58.702,58.644001,59.984001,23128000,1.021839136656332,2
838,2018-05-02,59.714001,59.556,60.23,44852000,1.008641172779563,2
839,2018-05-03,55.757999,55.046001,56.889999,86760500,1.0203020198052661,2
840,2018-05-04,56.599998,55.903999,58.818001,42847000,1.0391873335401884,2
841,2018-05-07,59.5,59.034,60.554001,43391000,1.0177143025210085,2
842,2018-05-08,60.16,59.799999,60.394001,29650000,1.003889644281915,1
843,2018-05-09,60.082001,60.009998,61.369999,28637000,1.021437335284489,2
844,2018-05-10,61.5,60.821999,61.004002,28258000,0.9919349918699187,1
845,2018-05-11,61.540001,59.816002,60.212002,23398000,0.9784205560867638,1
846,2018-05-14,60.664001,58.324001,58.394001,36434000,0.9625807733980488,1
847,2018-05-15,57.001999,56.099998,56.835999,47596000,0.9970878214288591,1
848,2018-05-16,56.765999,56.312,57.296001,28370000,1.0093366101070467,2
849,2018-05-17,57.18,56.793999,56.908001,22103000,0.9952431094788388,1
850,2018-05-18,56.93,54.799999,55.363998,36259500,0.9724924995608643,1
851,2018-05-21,56.265999,56.259998,56.897999,45913000,1.0112323607726221,2
852,2018-05-22,57.551998,54.683998,55.001999,44729000,0.9556922593721247,0
853,2018-05-23,55.551998,54.799999,55.813999,29925500,1.0047163200142686,1
854,2018-05-24,55.68,54.978001,55.57,20883500,0.9980244252873564,1
855,2018-05-25,55.526001,55.122002,55.77,19375500,1.0043943196989822,1
856,2018-05-29,55.702,55.23,56.751999,28333000,1.018850292628631,2
857,2018-05-30,56.658001,56.32,58.344002,37448500,1.0297575094469007,2
858,2018-05-31,57.442001,56.585999,56.945999,29598500,0.9913651684940433,1
859,2018-06-01,57.172001,56.768002,58.363998,27122000,1.0208493139850046,2
860,2018-06-04,58.868,58.709999,59.348,23989000,1.0081538357002107,2
861,2018-06-05,59.540001,57.348,58.226002,29976000,0.9779308199877257,1
862,2018-06-06,60.099998,59.495998,63.900002,93836500,1.0632280220708161,3
863,2018-06-07,63.23,62.716,63.217999,71726500,0.999810200854025,1
864,2018-06-08,63.799999,63.43,63.532001,41026000,0.9957994043228747,1
865,2018-06-11,64.501999,64.5,66.419998,65917500,1.029735497034751,2
866,2018-06-12,68.940002,67.599998,68.554001,111737000,0.9944009140005536,1
867,2018-06-13,69.342003,67.959999,68.956001,47349000,0.994433359532461,1
868,2018-06-14,69.526001,69.32,71.543999,54905000,1.0290250837237138,2
869,2018-06-15,70.767998,70.25,71.634003,54241500,1.0122372403413193,2
870,2018-06-18,71.080002,70.900002,74.166,60366000,1.0434158400839664,2
871,2018-06-19,73.031998,69.25,70.510002,63809500,0.9654672462884009,1
872,2018-06-20,71.608002,70.400002,72.444,41918500,1.011674644964958,2
873,2018-06-21,72.400002,69.253998,69.501999,39835500,0.9599723353598802,0
874,2018-06-22,70.307999,66.400002,66.725998,51330500,0.9490527244275578,0
875,2018-06-25,66.024002,65.5,66.601997,34656500,1.0087543163469552,2
876,2018-06-26,67.209999,65.160004,68.400002,37262500,1.0177057434564165,2
877,2018-06-27,69.0,67.900002,68.900002,41668500,0.9985507536231885,1
878,2018-06-28,69.732002,69.222,69.986,41990000,1.0036424882796282,1
879,2018-06-29,70.666,68.482002,68.589996,32462000,0.9706223077576204,1
880,2018-07-02,72.014,65.970001,67.014,93799000,0.9305690560168856,0
881,2018-07-03,66.349998,61.938,62.172001,61413000,0.9370309400762906,0
882,2018-07-05,62.751999,59.243999,61.832001,87382000,0.9853391443354658,1
883,2018-07-06,60.990002,60.400002,61.779999,44327500,1.012952893492281,2
884,2018-07-09,62.397999,61.599998,63.702,37984000,1.0208981220695874,2
885,2018-07-10,64.912003,63.84,64.494003,47357500,0.9935605129917191,1
886,2018-07-11,63.16,63.014,63.792,24420500,1.0100063331222293,2
887,2018-07-12,64.286003,62.554001,63.341999,28606000,0.9853155592827884,1
888,2018-07-13,63.116001,61.849998,63.773998,29349000,1.010425201051632,2
889,2018-07-16,62.341999,61.25,62.02,39093500,0.9948349586929351,1
890,2018-07-17,61.762001,61.700001,64.538002,34981000,1.0449467464630884,2
891,2018-07-18,65.0,63.25,64.769997,28121000,0.9964614923076923,1
892,2018-07-19,63.265999,62.801998,64.045998,29576500,1.0123288814264988,2
893,2018-07-20,64.246002,62.341999,62.716,25811000,0.976185257411037,1
894,2018-07-23,60.368,58.571999,60.639999,54964500,1.004505681818182,1
895,2018-07-24,60.883999,58.509998,59.486,47954000,0.9770383183929819,1
896,2018-07-25,59.348,58.900002,61.748001,35377000,1.0404394587854688,2
897,2018-07-26,60.970001,60.728001,61.330002,23152500,1.0059045595226412,2
898,2018-07-27,61.450001,59.068001,59.436001,28516500,0.9672253870264379,1
899,2018-07-30,59.18,57.226002,58.034,34070500,0.9806353497803312,1
900,2018-07-31,58.450001,57.813999,59.627998,25384500,1.0201539260880423,2
901,2018-08-01,59.598,58.599998,60.167999,50647000,1.0095640625524347,2
902,2018-08-02,65.688004,64.632004,69.907997,116075000,1.0642429780633917,3
903,2018-08-03,69.561996,68.505997,69.634003,68282500,1.001035148560142,1
904,2018-08-06,69.092003,68.363998,68.398003,42821500,0.9899554221926378,1
905,2018-08-07,68.767998,67.830002,75.914001,154379000,1.103914658094307,4
906,2018-08-08,73.818001,73.424004,74.068001,122856000,1.0033867078031549,1
907,2018-08-09,73.110001,69.146004,70.489998,85919000,0.96416354856841,1
908,2018-08-10,70.800003,69.199997,71.098,57760000,1.0042089969967938,1
909,2018-08-13,72.225998,69.804001,71.281998,52319500,0.986929914073323,1
910,2018-08-14,71.690002,69.419998,69.528,34932000,0.9698423498439852,1
911,2018-08-15,68.382004,66.428001,67.737999,45506500,0.9905822444162357,1
912,2018-08-16,67.982002,66.764,67.089996,30320000,0.9868787918308144,1
913,2018-08-17,64.699997,60.706001,61.099998,94793000,0.9443585909285283,0
914,2018-08-20,58.34,57.639999,61.688,87011500,1.057387727116901,3
915,2018-08-21,62.122002,61.799999,64.379997,65861000,1.0363477500290477,2
916,2018-08-22,64.174004,62.933998,64.328003,29730000,1.0023997100134192,1
917,2018-08-23,63.827999,63.619999,64.019997,25736500,1.0030080529392753,1
918,2018-08-24,64.139999,63.880001,64.564003,18013000,1.006610601911609,2
919,2018-08-27,63.599998,61.762001,63.854,65396500,1.0039937422639542,1
920,2018-08-28,63.681999,62.237999,62.372002,38245500,0.9794290848187728,1
921,2018-08-29,62.054001,60.737999,61.001999,37237000,0.9830469916033294,1
922,2018-08-30,60.452,59.543999,60.630001,36083500,1.0029445014226164,1
923,2018-08-31,60.400002,59.720001,60.332001,26875500,0.9988741556664187,1
924,2018-09-04,59.388,57.599998,57.790001,41752500,0.9730922240183202,1
925,2018-09-05,57.009998,55.436001,56.147999,38604000,0.9848798626514598,1
926,2018-09-06,56.959999,55.776001,56.189999,37404000,0.9864817413357047,1
927,2018-09-07,52.02,50.450001,52.647999,112459500,1.0120722606689734,2
928,2018-09-10,54.652,54.200001,57.099998,71417500,1.0447924687111176,2
929,2018-09-11,55.894001,54.709999,55.888,45850000,0.9998926360630365,1
930,2018-09-12,56.287998,55.73,58.108002,50077000,1.0323337845485283,2
931,2018-09-13,57.604,57.035999,57.891998,31701500,1.0049996180820777,2
932,2018-09-14,57.751999,57.304001,59.040001,33828000,1.02230229294747,2
933,2018-09-17,58.007999,57.625999,58.967999,34438000,1.0165494417416467,2
934,2018-09-18,59.338001,55.099998,56.992001,82737500,0.9604637844136341,0
935,2018-09-19,56.102001,56.099998,59.804001,41474500,1.065986951160619,3
936,2018-09-20,60.712002,58.666,59.666,36747000,0.9827710837142217,1
937,2018-09-21,59.540001,59.074001,59.82,25252500,1.0047027039855105,1
938,2018-09-24,59.695999,58.716,59.936001,24215000,1.0040204034444586,1
939,2018-09-25,60.0,59.299999,60.198002,22408500,1.0033000333333333,1
940,2018-09-26,60.382,60.222,61.916,39216000,1.0254049219966215,2
941,2018-09-27,62.580002,61.382,61.504002,42545500,0.9828060088588684,1
942,2018-09-28,54.051998,52.112,52.953999,168248500,0.9796862458257326,1
943,2018-10-01,61.153999,60.209999,62.139999,108888000,1.0161232301423166,2
944,2018-10-02,62.790001,59.830002,60.203999,58717500,0.9588150667492426,0
945,2018-10-03,60.666,58.313999,58.959999,39975000,0.9718787953713778,1
946,2018-10-04,58.790001,55.534,56.366001,49071000,0.9587684987452203,0
947,2018-10-05,54.93,52.0,52.389999,89722500,0.9537593118514474,0
948,2018-10-08,52.903999,49.799999,50.112,67363500,0.9472251804632009,0
949,2018-10-09,51.049999,50.66,52.560001,60303000,1.0295788840270104,2
950,2018-10-10,52.922001,49.554001,51.375999,64076500,0.9707871590116178,1
951,2018-10-11,51.506001,49.806,50.445999,40838500,0.9794198349819471,1
952,2018-10-12,52.200001,50.402,51.756001,36007000,0.9914942530365085,1
953,2018-10-15,51.812,50.908001,51.917999,31000000,1.002045838801822,1
954,2018-10-16,53.139999,52.448002,55.318001,47632000,1.040986112927853,2
955,2018-10-17,56.48,53.16,54.355999,43277500,0.96239375,1
956,2018-10-18,53.858002,52.599998,52.782001,27106000,0.9800215202933076,1
957,2018-10-19,53.478001,50.700001,52.0,46877500,0.9723624486263053,1
958,2018-10-22,52.136002,50.518002,52.189999,28001500,1.0010356950653791,1
959,2018-10-23,52.773998,52.419998,58.827999,95139000,1.1147156029376437,4
960,2018-10-24,60.209999,57.146,57.700001,100291500,0.9583126051870553,0
961,2018-10-25,63.444,60.202,62.972,104203500,0.9925603681987264,1
962,2018-10-26,61.650002,61.330002,66.18,137127500,1.0734792839098368,3
963,2018-10-29,67.494003,65.300003,66.970001,72430000,0.9922363176473618,1
964,2018-10-30,65.678001,64.452003,65.980003,45633500,1.0045982215567129,1
965,2018-10-31,66.508003,65.82,67.463997,38121500,1.0143741197581893,2
966,2018-11-01,67.652,66.945999,68.856003,40000500,1.0177970052622243,2
967,2018-11-02,68.748001,68.181999,69.281998,39040000,1.0077674549402535,2
968,2018-11-05,68.099998,66.028,68.279999,39155000,1.0026431865680818,1
969,2018-11-06,67.814003,67.218002,68.211998,33814500,1.0058689206121632,2
970,2018-11-07,68.667999,68.160004,69.632004,36872500,1.0140386353765747,2
971,2018-11-08,69.699997,69.688004,70.279999,35453500,1.0083214063839918,2
972,2018-11-09,69.800003,69.045998,70.101997,25494000,1.004326561418629,1
973,2018-11-12,69.674004,66.068001,66.255997,34707500,0.9509428652901877,0
974,2018-11-13,66.632004,66.440002,67.746002,27243000,1.0167186627014853,2
975,2018-11-14,68.540001,67.43,68.800003,25201500,1.003793434435462,1
976,2018-11-15,68.466003,67.807999,69.688004,23128500,1.0178482888799572,2
977,2018-11-16,69.038002,69.024002,70.862,36031000,1.0264202026008804,2
978,2018-11-19,71.267998,70.575996,70.694,48544500,0.9919459222076085,1
979,2018-11-20,68.349998,66.709999,69.498001,40023500,1.0167959478213884,2
980,2018-11-21,70.400002,67.480003,67.638,23434000,0.960767018160028,0
981,2018-11-23,66.870003,65.110001,65.166,21013000,0.9745176772311496,1
982,2018-11-26,65.0,65.0,69.199997,39960500,1.0646153384615384,3
983,2018-11-27,68.010002,67.099998,68.783997,31791500,1.0113806054585912,2
984,2018-11-28,69.197998,68.442001,69.573997,20638000,1.005433668760186,2
985,2018-11-29,69.400002,67.910004,68.234001,15403500,0.9831988333372095,1
986,2018-11-30,68.365997,67.652,70.096001,28145500,1.0253050357767768,2
987,2018-12-03,72.0,70.400002,71.697998,41532500,0.9958055277777778,1
988,2018-12-04,71.209999,70.400002,71.940002,42309500,1.0102514114625956,2
989,2018-12-06,71.202003,70.152,72.612,39212500,1.0198027715596707,2
990,2018-12-07,73.800003,71.529999,71.594002,57556000,0.9701083887489815,1
991,2018-12-10,72.0,70.624001,73.029999,33067500,1.0143055416666666,2
992,2018-12-11,73.982002,72.045998,73.351997,31544000,0.991484347774206,1
993,2018-12-12,73.884003,73.031998,73.32,25135000,0.9923663719195072,1
994,2018-12-13,74.029999,73.349998,75.358002,36829500,1.0179387142771674,2
995,2018-12-14,75.0,72.865997,73.141998,31688000,0.97522664,1
996,2018-12-17,72.400002,68.776001,69.683998,38370000,0.9624861336329797,1
997,2018-12-18,70.108002,66.737999,67.405998,35500000,0.9614594065881381,0
998,2018-12-19,67.519997,65.947998,66.594002,41371000,0.9862856184664819,1
999,2018-12-20,65.410004,62.374001,63.076,45359500,0.9643173236925654,1
1000,2018-12-21,63.48,62.487999,63.953999,40084000,1.0074669029615628,2
1001,2018-12-24,62.700001,59.040001,59.077999,27799500,0.9422328238878337,0
1002,2018-12-26,60.0,58.818001,65.218002,40815500,1.0869667,3
1003,2018-12-27,63.967999,60.299999,63.226002,42875500,0.9884004969422289,1
1004,2018-12-28,64.620003,63.681999,66.774002,49695000,1.0333333163107405,2
1005,2018-12-31,67.557999,65.052002,66.559998,31511500,0.9852274931944032,1
1006,2019-01-02,61.220001,59.759998,62.023998,58293000,1.0131329138658458,2
1007,2019-01-03,61.400002,59.476002,60.071999,34826000,0.9783712873494694,1
1008,2019-01-04,61.200001,60.546001,63.537998,36970500,1.0382025647352522,2
1009,2019-01-07,64.344002,63.549999,66.991997,37756000,1.0411537193474536,2
1010,2019-01-08,68.391998,65.403999,67.07,35042500,0.9806702825087811,1
1011,2019-01-09,67.099998,66.293999,67.706001,27164500,1.0090313415508596,2
1012,2019-01-10,66.879997,66.358002,68.994003,30282000,1.0316089428054251,2
1013,2019-01-11,68.417999,67.753998,69.452003,25195500,1.0151130406488504,2
1014,2019-01-14,68.475998,66.800003,66.879997,26236500,0.9766925485335752,1
1015,2019-01-15,67.0,66.900002,68.886002,30283000,1.0281492835820896,2
1016,2019-01-16,68.956001,68.699997,69.209999,23458500,1.0036834792667284,1
1017,2019-01-17,69.241997,68.830002,69.461998,18383500,1.0031772769349792,1
1018,2019-01-18,64.599998,59.945999,60.452,120754000,0.9357895026560218,0
1019,2019-01-22,60.964001,59.099998,59.784,60333500,0.9806442985918853,1
1020,2019-01-23,58.5,56.338001,57.518002,62650000,0.9832137094017095,1
1021,2019-01-24,56.605999,55.855999,58.301998,40061000,1.0299614710447915,2
1022,2019-01-25,58.877998,57.91,59.408001,36248000,1.0090017157173041,2
1023,2019-01-28,58.582001,57.549999,59.276001,32116500,1.0118466421111154,2
1024,2019-01-29,59.054001,58.360001,59.492001,23108500,1.0074169403018096,2
1025,2019-01-30,60.09,59.698002,61.754002,56251500,1.0276918289232817,2
1026,2019-01-31,60.200001,58.799999,61.403999,62846000,1.0199999664451833,2
1027,2019-02-01,61.084,60.700001,62.442001,36417000,1.0222316973348176,2
1028,2019-02-04,62.596001,60.375999,62.577999,36760500,0.9997124097432358,1
1029,2019-02-05,62.498001,62.450001,64.269997,33714000,1.0283528428373254,2
1030,2019-02-06,63.917999,63.124001,63.444,25192500,0.9925842640975041,1
1031,2019-02-07,62.66,60.599998,61.501999,32603000,0.9815192946058091,1
1032,2019-02-08,61.366001,59.700001,61.16,29221000,0.9966430760251104,1
1033,2019-02-11,62.32,62.099998,62.568001,35648500,1.0039794768934531,1
1034,2019-02-12,63.240002,61.924,62.362,27588000,0.9861163508502103,1
1035,2019-02-13,62.470001,61.113998,61.633999,25708000,0.9866175446355443,1
1036,2019-02-14,60.675999,60.200001,60.754002,26004000,1.0012855659780733,1
1037,2019-02-15,60.900002,60.779999,61.576,19524500,1.0111001309983536,2
1038,2019-02-19,61.312,61.094002,61.127998,20842000,0.9969989235386222,1
1039,2019-02-20,60.882,59.799999,60.512001,35710500,0.9939226865083276,1
1040,2019-02-21,60.362,58.099998,58.245998,44546000,0.9649447997084258,1
1041,2019-02-22,58.897999,58.419998,58.942001,28703000,1.0007470881990406,1
1042,2019-02-25,59.582001,59.400002,59.754002,33132500,1.0028867946210802,1
1043,2019-02-26,58.444,57.754002,59.571999,42912500,1.019300509889809,2
1044,2019-02-27,60.355999,60.110001,62.948002,55919500,1.0429452422782366,2
1045,2019-02-28,63.784,62.161999,63.976002,52603500,1.0030101906434217,1
1046,2019-03-01,61.388,58.380001,58.958,114557000,0.9604157164266632,0
1047,2019-03-04,59.624001,56.556,57.071999,85484000,0.9571984107540854,0
1048,2019-03-05,56.400002,54.02,55.307999,93823500,0.9806382453674382,1
1049,2019-03-06,55.296001,54.877998,55.248001,51677500,0.9991319444601429,1
1050,2019-03-07,55.768002,54.849998,55.318001,47212500,0.9919308387630599,1
1051,2019-03-08,55.382,55.178001,56.827999,44098000,1.0261095482286664,2
1052,2019-03-11,56.703999,56.099998,58.183998,36961500,1.0261004342921212,2
1053,2019-03-12,57.298,56.212002,56.672001,37520500,0.9890746797444937,1
1054,2019-03-13,56.779999,56.540001,57.792,34223500,1.017823195100796,2
1055,2019-03-14,58.490002,57.658001,57.992001,35517000,0.9914857072495912,1
1056,2019-03-15,56.702,54.880001,55.085999,73927500,0.9715001058163734,1
1057,2019-03-18,55.200001,53.459999,53.897999,51405000,0.9764130076736773,1
1058,2019-03-19,53.5,52.692001,53.493999,59003000,0.999887831775701,1
1059,2019-03-20,53.938,53.259998,54.720001,34541000,1.014498146019504,2
1060,2019-03-21,54.52,53.689999,54.804001,29735500,1.005209115920763,2
1061,2019-03-22,54.515999,52.799999,52.905998,43728000,0.9704673668366601,1
1062,2019-03-25,51.942001,50.891998,52.084,51075000,1.0027337991849796,1
1063,2019-03-26,52.888,52.886002,53.554001,36754500,1.012592667523824,2
1064,2019-03-27,53.75,53.636002,54.966,43896000,1.0226232558139534,2
1065,2019-03-28,55.431999,55.02,55.723999,33870500,1.0052677154940777,2
1066,2019-03-29,55.740002,54.900002,55.972,29956500,1.004162145527013,1
1067,2019-04-01,56.523998,56.256001,57.835999,40552000,1.023211397750032,2
1068,2019-04-02,57.66,56.776001,57.175999,27394500,0.9916059486645855,1
1069,2019-04-03,57.464001,57.433998,58.362,39597000,1.0156271576008082,2
1070,2019-04-04,52.377998,52.118,53.556,118603500,1.0224903975902249,2
1071,2019-04-05,53.972,53.222,54.992001,65191500,1.0188987067368265,2
1072,2019-04-08,55.537998,54.088001,54.639999,52052000,0.983830907984836,1
1073,2019-04-09,54.330002,53.922001,54.462002,29520000,1.0024295968183472,1
1074,2019-04-10,55.348,54.577999,55.212002,35306500,0.9975428561104286,1
1075,2019-04-11,53.66,53.119999,53.683998,49179500,1.0004472232575476,1
1076,2019-04-12,54.043999,53.366001,53.540001,33730000,0.9906743022476926,1
1077,2019-04-15,53.726002,51.726002,53.276001,50193000,0.9916241487687842,1
1078,2019-04-16,53.150002,52.944,54.672001,36364500,1.028635916137877,2
1079,2019-04-17,54.950001,53.708,54.245998,25632500,0.9871882986862912,1
1080,2019-04-18,54.245998,53.950001,54.652,29381500,1.0074844599596084,2
1081,2019-04-22,53.799999,52.495998,52.549999,60735500,0.9767657988246431,1
1082,2019-04-23,52.029999,51.150002,52.779999,54719500,1.0144147609920193,2
1083,2019-04-24,52.77,51.599998,51.731998,53637500,0.9803296949024065,1
1084,2019-04-25,51.0,49.214001,49.526001,109247000,0.9710980588235294,1
1085,2019-04-26,49.299999,46.226002,47.028,111803500,0.9539148266514164,0
1086,2019-04-29,47.172001,46.433998,48.293999,83572500,1.023785253459992,2
1087,2019-04-30,48.411999,47.400002,47.737999,47323000,0.9860778316549168,1
1088,2019-05-01,47.77,46.299999,46.801998,53522000,0.9797361942641825,1
1089,2019-05-02,49.104,47.543999,48.82,90796500,0.9942163571195829,1
1090,2019-05-03,48.771999,48.698002,51.006001,118534000,1.0458050120110927,2
1091,2019-05-06,50.004002,49.700001,51.068001,54169500,1.0212782768867181,2
1092,2019-05-07,51.360001,49.02,49.411999,50657000,0.9620716128880139,1
1093,2019-05-08,49.388,48.84,48.967999,30882000,0.9914958896898032,1
1094,2019-05-09,48.400002,47.388,48.396,33557000,0.9999173140530035,1
1095,2019-05-10,47.950001,47.203999,47.903999,35041500,0.9990406256717284,1
1096,2019-05-13,46.402,44.900002,45.402,54174000,0.9784492047756562,1
1097,2019-05-14,45.860001,45.599998,46.462002,36262000,1.0131269295000669,2
1098,2019-05-15,45.863998,45.049999,46.389999,36480000,1.0114687123438302,2
1099,2019-05-16,45.897999,45.299999,45.666,37416500,0.9949453351985998,1
1100,2019-05-17,44.391998,41.784,42.206001,88933500,0.9507569584950873,0
1101,2019-05-20,40.560001,39.049999,41.071999,102631000,1.0126232245408475,2
1102,2019-05-21,39.551998,39.208,41.015999,90019500,1.03701459026166,2
1103,2019-05-22,39.82,38.355999,38.546001,93426000,0.9680060522350576,1
1104,2019-05-23,38.868,37.243999,39.098,132735500,1.0059174642379334,2
1105,2019-05-24,39.966,37.75,38.125999,70683000,0.9539608417154581,0
1106,2019-05-28,38.240002,37.57,37.740002,51564500,0.986924686876324,1
1107,2019-05-29,37.419998,37.007999,37.972,59843000,1.0147515240380292,2
1108,2019-05-30,37.75,37.403999,37.644001,39632500,0.9971920794701987,1
1109,2019-05-31,37.02,36.82,37.032001,52033500,1.0003241761210155,1
1110,2019-06-03,37.102001,35.397999,35.793999,65322000,0.9647457828487471,1
1111,2019-06-04,36.220001,35.922001,38.720001,69037500,1.0690226375200818,3
1112,2019-06-05,39.736,38.369999,39.318001,67554000,0.9894805969398028,1
1113,2019-06-06,40.888,40.360001,41.189999,101211000,1.0073860056740365,2
1114,2019-06-07,41.0,40.700001,40.900002,80017500,0.997561024390244,1
1115,2019-06-10,42.049999,41.801998,42.576,52925000,1.0125089420335063,2
1116,2019-06-11,43.827999,42.700001,43.419998,58267500,0.9906908595119754,1
1117,2019-06-12,44.59,41.799999,41.852001,75987500,0.9385961202063242,0
1118,2019-06-13,42.076,41.501999,42.782001,40841500,1.0167791852837722,2
1119,2019-06-14,42.25,42.080002,42.984001,37167000,1.0173728047337278,2
1120,2019-06-17,43.096001,42.854,45.006001,61584000,1.044319657408584,2
1121,2019-06-18,45.743999,44.512001,44.948002,63579000,0.9825988759749666,1
1122,2019-06-19,45.021999,44.212002,45.285999,32875500,1.005863800050282,2
1123,2019-06-20,44.599998,43.27,43.924,59317500,0.9848430934907216,1
1124,2019-06-21,43.243999,43.099998,44.372002,41010500,1.0260846134974704,2
1125,2019-06-24,44.647999,44.203999,44.728001,28754000,1.0017918384203512,1
1126,2019-06-25,44.877998,43.897999,43.952,30910500,0.9793663255655923,1
1127,2019-06-26,44.062,43.619999,43.854,42536000,0.9952793790567837,1
1128,2019-06-27,43.889999,43.470001,44.568001,31698500,1.0154477561049842,2
1129,2019-06-28,44.198002,44.16,44.692001,34257000,1.0111769532025452,2
1130,2019-07-01,46.042,45.256001,45.433998,41067000,0.986794622301377,1
1131,2019-07-02,45.778,44.444,44.91,46295000,0.9810389269955,1
1132,2019-07-03,47.877998,46.902,46.98,71005500,0.9812440361437,1
1133,2019-07-05,46.914001,46.16,46.619999,35328500,0.993733171468364,1
1134,2019-07-08,46.248001,45.731998,46.068001,29402500,0.9961079398869586,1
1135,2019-07-09,45.793999,45.456001,46.012001,30954000,1.0047604927449119,1
1136,2019-07-10,46.830002,46.627998,47.784,45728500,1.0203715131167408,2
1137,2019-07-11,47.627998,47.16,47.720001,37572000,1.0019316999215462,1
1138,2019-07-12,47.950001,47.942001,49.015999,46002500,1.022231448962848,2
1139,2019-07-15,49.599998,48.972,50.700001,55000500,1.0221774807329629,2
1140,2019-07-16,49.860001,49.585999,50.476002,40745000,1.0123546126683793,2
1141,2019-07-17,51.133999,50.669998,50.972,48823500,0.9968318730557334,1
1142,2019-07-18,51.009998,50.377998,50.708,23793000,0.9940796312126888,1
1143,2019-07-19,51.138,50.924,51.636002,35242000,1.009738394149165,2
1144,2019-07-22,51.75,50.838001,51.136002,34212000,0.988135304347826,1
1145,2019-07-23,51.341999,50.900002,52.034,25115500,1.0134782636725927,2
1146,2019-07-24,51.834,51.632,52.976002,55364000,1.0220319095574333,2
1147,2019-07-25,46.700001,45.110001,45.764,112091500,0.9799571524634443,1
1148,2019-07-26,45.383999,44.450001,45.608002,50138500,1.0049357263558902,1
1149,2019-07-29,45.417999,45.206001,47.153999,46366500,1.0382227319173616,2
1150,2019-07-30,46.580002,46.436001,48.452,40545000,1.0401888776217743,2
1151,2019-07-31,48.599998,47.330002,48.321999,45891000,0.9942798557316813,1
1152,2019-08-01,48.529999,46.354,46.77,41297500,0.963733792782481,1
1153,2019-08-02,46.27,45.846001,46.868,30682500,1.012924140912038,2
1154,2019-08-05,45.919998,45.155998,45.664001,35141500,0.9944251521962174,1
1155,2019-08-06,46.375999,45.150002,46.150002,27821000,0.9951268543023731,1
1156,2019-08-07,45.299999,45.16,46.683998,23882500,1.0305518549790698,2
1157,2019-08-08,46.889999,46.529999,47.66,26371500,1.0164214334916064,2
1158,2019-08-09,47.209999,46.762001,47.001999,19491000,0.995594153687654,1
1159,2019-08-12,46.598,45.75,45.801998,23319500,0.9829176788703378,1
1160,2019-08-13,45.762001,45.509998,47.0,24240500,1.0270529909738868,2
1161,2019-08-14,46.242001,43.338001,43.924,47813000,0.949872389821539,0
1162,2019-08-15,44.172001,42.310001,43.127998,40798000,0.9763650507931483,1
1163,2019-08-16,43.332001,43.203999,43.987999,25492500,1.015138880846975,2
1164,2019-08-19,44.841999,44.34,45.366001,26548000,1.0116855183017153,2
1165,2019-08-20,45.523998,44.908001,45.172001,20626000,0.9922678803386293,1
1166,2019-08-21,44.402,43.52,44.166,38971500,0.9946849241025179,1
1167,2019-08-22,44.560001,43.644001,44.43,32795000,0.9970825629020968,1
1168,2019-08-23,43.993999,42.200001,42.279999,42693000,0.9610401409519511,0
1169,2019-08-26,42.720001,42.307999,43.0,25259500,1.0065542835544408,2
1170,2019-08-27,43.147999,42.405998,42.816002,27081000,0.9923056223302499,1
1171,2019-08-28,42.737999,42.462002,43.118,16127500,1.008891408322603,2
1172,2019-08-29,43.799999,43.599998,44.341999,25897500,1.0123744295062655,2
1173,2019-08-30,45.830002,44.841999,45.122002,46603000,0.984551604427161,1
1174,2019-09-03,44.816002,44.632,45.001999,26770500,1.0041502363374581,1
1175,2019-09-04,45.377998,43.841999,44.136002,28805000,0.972629995708493,1
1176,2019-09-05,44.5,44.169998,45.916,36976500,1.031820224719101,2
1177,2019-09-06,45.439999,45.034,45.490002,20947000,1.0011004181580196,1
1178,2019-09-09,46.0,45.846001,46.358002,24013500,1.007782652173913,2
1179,2019-09-10,46.16,45.787998,47.108002,24418500,1.0205373050259965,2
1180,2019-09-11,47.476002,47.200001,49.419998,50214000,1.0409469188243778,2
1181,2019-09-12,49.540001,48.880001,49.174,42906000,0.9926120106457003,1
1182,2019-09-13,49.391998,48.973999,49.040001,26565500,0.9928734002621233,1
1183,2019-09-16,49.200001,48.234001,48.562,23640500,0.987032500263567,1
1184,2019-09-17,48.493999,48.074001,48.958,19327000,1.0095682148217968,2
1185,2019-09-18,49.0,48.473999,48.698002,20851000,0.9938367755102041,1
1186,2019-09-19,49.200001,48.967999,49.32,23979000,1.0024390040154674,1
1187,2019-09-20,49.298,47.632,48.124001,31765000,0.976185666761329,1
1188,2019-09-23,48.0,47.844002,48.245998,21701000,1.0051249583333333,2
1189,2019-09-24,48.304001,44.521999,44.641998,64457500,0.9241884124671164,0
1190,2019-09-25,44.911999,43.672001,45.740002,47135500,1.0184361199331162,2
1191,2019-09-26,46.132,45.48,48.512001,59422500,1.0515911081245122,3
1192,2019-09-27,48.439999,47.745998,48.425999,55582000,0.999710982652993,1
1193,2019-09-30,48.599998,47.222,48.174,29399000,0.9912346086927822,1
1194,2019-10-01,48.299999,47.826,48.938,30813000,1.0132091307082636,2
1195,2019-10-02,48.658001,47.886002,48.625999,28157000,0.9993423075477351,1
1196,2019-10-03,46.372002,44.855999,46.605999,75422500,1.0050460836260637,2
1197,2019-10-04,46.321999,45.613998,46.285999,39975000,0.9992228314671826,1
1198,2019-10-07,45.959999,45.709999,47.543999,40321000,1.0344647527081103,2
1199,2019-10-08,47.174,46.900002,48.009998,43391000,1.0177215839233478,2
1200,2019-10-09,48.264,48.130001,48.905998,34472000,1.0133017984419028,2
1201,2019-10-10,49.056,48.316002,48.948002,31416500,0.9977984752120027,1
1202,2019-10-11,49.43,49.362,49.577999,42377000,1.0029941128869106,1
1203,2019-10-14,49.580002,49.425999,51.391998,51025000,1.036546912603997,2
1204,2019-10-15,51.540001,50.824001,51.577999,32164000,1.0007372526050204,1
1205,2019-10-16,51.478001,51.383999,51.950001,33420500,1.0091689652051563,2
1206,2019-10-17,52.5,52.034,52.394001,23846500,0.9979809714285715,1
1207,2019-10-18,52.139999,51.02,51.389999,28749000,0.9856156498967328,1
1208,2019-10-21,51.666,50.035999,50.700001,25101500,0.9813030039097279,1
1209,2019-10-22,50.863998,50.169998,51.116001,23004000,1.0049544473480043,1
1210,2019-10-23,50.900002,50.27,50.936001,26305500,1.000707249481051,1
1211,2019-10-24,59.674,57.84,59.936001,148604500,1.004390538593022,1
1212,2019-10-25,59.543999,59.222,65.625999,150030500,1.1021429548257247,4
1213,2019-10-28,65.508003,64.519997,65.542,94351500,1.000518974757939,1
1214,2019-10-29,63.998001,62.950001,63.243999,63421500,0.9882183507575495,1
1215,2019-10-30,62.599998,61.993999,63.001999,48209000,1.006421741419225,2
1216,2019-10-31,62.619999,62.599998,62.984001,25335000,1.0058128713799563,2
1217,2019-11-01,63.264,61.959999,62.661999,31919500,0.9904843038694993,1
1218,2019-11-04,62.959999,61.852001,63.493999,43935000,1.0084815757382715,2
1219,2019-11-05,63.924,63.223999,63.444,34717000,0.992491083161254,1
1220,2019-11-06,63.599998,62.900002,65.316002,39704500,1.0269811958170187,2
1221,2019-11-07,65.828003,65.603996,67.108002,72336500,1.0194445971572312,2
1222,2019-11-08,66.900002,66.5,67.428001,30346000,1.0078923614979862,2
1223,2019-11-11,68.790001,68.400002,69.017998,49933500,1.0033143915785085,1
1224,2019-11-12,69.379997,68.807999,69.986,36797000,1.0087345492390263,2
1225,2019-11-13,71.0,69.036003,69.222,42100500,0.9749577464788731,1
1226,2019-11-14,69.222,68.582001,69.870003,32324500,1.009361229089018,2
1227,2019-11-15,70.127998,69.671997,70.433998,24045000,1.0043634498164342,1
1228,2019-11-18,70.584,69.220001,69.998001,22002000,0.9916978493709623,1
1229,2019-11-19,70.349998,69.559998,71.903999,38624000,1.0220895670814376,2
1230,2019-11-20,72.0,69.914001,70.444,33625500,0.978388888888889,1
1231,2019-11-21,70.902,70.800003,70.966003,30550000,1.0009026966799244,1
1232,2019-11-22,68.031998,66.0,66.608002,84353000,0.9790687317459058,1
1233,2019-11-25,68.863998,66.891998,67.267998,61697500,0.9768238840852663,1
1234,2019-11-26,67.054001,65.419998,65.783997,39737000,0.981059981789901,1
1235,2019-11-27,66.223999,65.713997,66.258003,27778000,1.0005134694448155,1
1236,2019-11-29,66.222,65.5,65.987999,12328000,0.9964664159946847,1
1237,2019-12-02,65.879997,65.737999,66.973999,30372500,1.016605981326927,2
1238,2019-12-03,66.524002,66.438004,67.239998,32868500,1.0107629724381284,2
1239,2019-12-04,67.550003,66.57,66.606003,27665000,0.9860251671639452,1
1240,2019-12-05,66.566002,65.449997,66.073997,18623000,0.9926087644560658,1
1241,2019-12-06,67.0,66.954002,67.178001,38062000,1.0026567313432835,1
1242,2019-12-09,67.318001,67.015999,67.905998,45115500,1.0087346176544962,2
1243,2019-12-10,67.991997,67.862,69.767998,44141500,1.0261207359448496,2
1244,2019-12-11,70.375999,70.218002,70.540001,34489000,1.0023303683404907,1
1245,2019-12-12,70.984001,70.646004,71.935997,38819500,1.013411416468339,2
1246,2019-12-13,72.209999,70.928001,71.678001,32854500,0.992632626957937,1
1247,2019-12-16,72.510002,72.5,76.300003,90871000,1.0522686649491473,3
1248,2019-12-17,75.797997,75.18,75.797997,42484000,1.0,1
1249,2019-12-18,76.125999,76.115997,78.629997,70605000,1.0328928097219454,2
1250,2019-12-19,79.463997,79.300003,80.807999,90535500,1.0169133450460588,2
1251,2019-12-20,82.057999,80.038002,81.117996,73763500,0.9885446512045707,1
1252,2019-12-23,82.356003,82.0,83.844002,66598000,1.0180678875345615,2
1253,2019-12-24,83.671997,82.538002,85.050003,40273500,1.016469141999802,2
1254,2019-12-26,85.582001,85.269997,86.188004,53169500,1.0070809632039335,2
1255,2019-12-27,87.0,85.222,86.075996,49728500,0.9893792643678161,1
1256,2019-12-30,85.758003,81.851997,82.940002,62932000,0.9671400813752625,1
1257,2019-12-31,81.0,80.416,83.666,51428500,1.0329135802469136,2
