Date,Open,Low,Close,Volume
2015-01-02,25.24905511209419,24.333297805980585,24.7821102142334,212818400
2015-01-05,24.54636986694874,23.8935535662698,24.08395767211914,257142000
2015-01-06,24.14969545895569,23.716750026544787,24.086227416992188,263188400
2015-01-07,24.29930435714616,24.185968046283765,24.423974990844727,160423600
2015-01-08,24.75944618136518,24.639308263682505,25.362394332885746,237458000
2015-01-09,25.539196109969104,24.981581837583253,25.38959312438965,214798000
2015-01-12,25.52333174277887,24.661976990555583,24.763978958129883,198603200
2015-01-13,25.25812214793092,24.68690808664916,24.983848571777344,268367600
2015-01-14,24.716379242783177,24.593975837541425,24.88865089416504,195826400
2015-01-15,24.933976310879903,24.17689095117636,24.2131576538086,240056000
2015-01-16,24.26076216051273,23.845950989038545,24.025022506713867,314053200
2015-01-20,24.44437161571617,24.14063117098854,24.643844604492188,199599600
2015-01-21,24.695976728376944,24.54183930586845,24.831981658935547,194303600
2015-01-22,24.99291580106901,24.87051241677014,25.47799491882324,215185600
2015-01-23,25.45533103885078,25.28079218645388,25.609468460083008,185859200
2015-01-26,25.78173755764346,25.568666518396043,25.63666725158692,222460000
2015-01-27,25.482533872836186,24.71411387921735,24.73904800415039,382274800
2015-01-28,26.66349164005056,26.13761138916016,26.13761138916016,585908400
2015-01-29,26.366554564957053,26.19428291909239,26.95137023925781,337745600
2015-01-30,26.83803458255389,26.48669138179348,26.556961059570312,334982000
2015-02-02,26.758694659704453,26.31214946884217,26.89016342163086,250956400
2015-02-03,26.86069977236562,26.65896132170793,26.89470100402832,207662800
2015-02-04,26.860696966837025,26.81762862927101,27.100969314575195,280598800
2015-02-05,27.312614762175816,27.13738878093549,27.294410705566406,168984800
2015-02-06,27.312611134553247,26.9553307450726,27.064563751220703,174826400
2015-02-09,26.978085845200503,26.95077716265634,27.24433898925781,155559200
2015-02-10,27.346743287670257,27.34446886629309,27.767742156982425,248034000
2015-02-11,27.93842175256757,27.876979378273983,28.418588638305664,294247200
2015-02-12,28.687108112309847,28.57560071928278,28.778135299682617,297898000
2015-02-13,28.9647441465004,28.59381034812241,28.91923141479492,217088800
2015-02-17,29.012536769904617,28.882823558029024,29.08991050720215,252609600
2015-02-18,29.04439702058392,29.00343486090471,29.29244613647461,179566800
2015-02-19,29.2378238216634,29.20369014120286,29.23099708557129,149449600
2015-02-20,29.2696894933182,29.13997800675204,29.46994972229004,195793600
2015-02-23,29.58828824834637,29.50636391763845,30.26643753051757,283896400
2015-02-24,30.252778572179103,29.84998372982025,30.077550888061523,276912400
2015-02-25,29.93873254366843,29.16272775872342,29.30837059020996,298846800
2015-02-26,29.308376130834912,28.812281335936422,29.679311752319336,365150000
2015-02-27,29.583730165564862,29.18321322261785,29.233278274536133,248059200
2015-03-02,29.41305189442322,29.196863812889827,29.37664031982422,192386800
2015-03-03,29.34706769421616,29.14908186861749,29.438093185424805,151265200
2015-03-04,29.378920624092345,29.201418523856365,29.251480102539062,126665200
2015-03-05,29.260589796300703,28.61885038798771,28.766769409179688,226068400
2015-03-06,29.21962314358161,28.73263127646829,28.81000328063965,291368400
2015-03-09,29.11949302919449,28.459547930556777,28.93288803100586,354114000
2015-03-10,28.7667647653234,28.17281435459464,28.334386825561523,275426400
2015-03-11,28.389004134939672,27.788226951861777,27.81781005859375,275756000
2015-03-12,27.833736662957698,27.678990936502046,28.320730209350582,193450800
2015-03-13,28.30935153817612,27.895179427821013,28.12502098083496,207309200
2015-03-16,28.19101443372648,27.961172890689063,28.434511184692383,143497200
2015-03-17,28.65070692801907,28.59381513576176,28.910133361816406,204092400
2015-03-18,28.901031619198967,28.757664922025416,29.23555564880371,261083600
2015-03-19,29.29927526735792,28.9920599127654,29.014816284179688,183238000
2015-03-20,29.18548780781561,28.482306127927103,28.65070533752441,274780400
2015-03-23,28.92834180776744,28.79180010485505,28.94882202148437,150838800
2015-03-24,28.953370866427555,28.800899547948,28.83048439025879,131369200
2015-03-25,28.796347293674625,28.07723426818848,28.07723426818848,206620800
2015-03-26,27.93614695651231,27.899735375048607,28.27294540405273,190291600
2015-03-27,28.348043715569847,27.970283097296136,28.04765510559082,158184800
2015-03-30,28.22970422033222,28.21832516892947,28.75765991210937,188398800
2015-03-31,28.69394562314956,28.30025536400114,28.3161849975586,168362400
2015-04-01,28.4049302562194,28.01351449885572,28.27521705627441,162485600
2015-04-02,28.45272402942133,28.2615684329959,28.518718719482425,128880400
2015-04-06,28.325283873952472,28.29342461135842,28.980676651000977,148776000
2015-04-07,29.046671214632223,28.6689106441964,28.675737380981445,140049200
2015-04-08,28.63933122151237,28.43907271439892,28.582439422607425,149316800
2015-04-09,28.63933271866866,28.368528922340435,28.800905227661133,129936000
2015-04-10,28.662083577796235,28.50506341543567,28.92378616333008,160752000
2015-04-13,29.212797016223263,28.812280040033222,28.86689567565918,145460400
2015-04-14,28.901031789505552,28.652984397286485,28.741735458374023,102098400
2015-04-15,28.76676485646547,28.67573764735358,28.850963592529297,115881600
2015-04-16,28.737179284307302,28.698493285683536,28.712146759033203,113476000
2015-04-17,28.571054340468045,28.32300526182492,28.388999938964844,207828000
2015-04-20,28.575611746564967,28.48458452406494,29.037572860717773,188217200
2015-04-21,29.151353947232483,28.825931109903937,28.88054847717285,129740400
2015-04-22,28.898755681828188,28.746286088022902,29.269689559936523,150618000
2015-04-23,29.196868654999783,29.160457074362164,29.508634567260746,183083600
2015-04-24,29.6952363042857,29.40849949563485,29.647445678710938,178103600
2015-04-27,30.109405127352016,29.845426434463025,30.186777114868164,387816800
2015-04-28,30.59868820259462,29.48588469847804,29.71117401123047,475696000
2015-04-29,29.620139703302524,29.19686468504221,29.27423667907715,253544400
2015-04-30,29.27423699146171,28.35031495104701,28.48002815246582,332781600
2015-05-01,28.69622147236742,28.514168767412567,29.34478759765625,234050400
2015-05-04,29.469943882452547,29.18775938594693,29.28788948059082,203953200
2015-05-05,29.16273143416842,28.62339835266505,28.62795066833496,197085600
2015-05-06,28.800897746560054,28.0726835661437,28.44816970825196,288564000
2015-05-07,28.51215721022428,28.34076890788392,28.62413215637207,175763600
2015-05-08,28.94862585272694,28.81837081750525,29.16343307495117,222201600
2015-05-11,29.11087168962469,28.7086800214659,28.866357803344727,168143200
2015-05-12,28.70182234738501,28.52357882296993,28.76352310180664,192640000
2015-05-13,28.82750548858685,28.76352081756549,28.79551315307617,138776800
2015-05-14,29.11544566991372,29.058316235738506,29.467361450195312,180814000
2015-05-15,29.49478358246888,29.29825820520293,29.42622756958008,152832000
2015-05-18,29.3371063648255,29.33253503403709,29.75072288513184,203531600
2015-05-19,29.86498080166275,29.62503650296635,29.72330093383789,178532800
2015-05-20,29.70730161110102,29.55647908914168,29.72101211547852,145819600
2015-05-21,29.72330838057272,29.66846285981738,30.02495002746582,158921600
2015-05-22,30.072929378546032,30.02722305105417,30.28773307800293,182384000
2015-05-26,30.301455461943675,29.506211170423988,29.62047004699707,282790400
2015-05-27,29.78499775964418,29.718729157369665,30.17347717285156,183332800
2015-05-28,30.13234318949018,29.95867099780121,30.11406135559082,122933200
2015-05-29,29.98837520953785,29.68444626617456,29.771284103393555,203538000
2015-06-01,29.77128847570299,29.7187303760952,29.83070182800293,128451200
2015-06-02,29.67531272566348,29.551914685000963,29.698165893554688,134670400
2015-06-03,29.85812556391779,29.684449868404123,29.734724044799805,123934000
2015-06-04,29.61133032079513,29.45822384746112,29.56105613708496,153800400
2015-06-05,29.5930413306234,29.332531299312578,29.398799896240234,142507200
2015-06-08,29.45593244579327,28.98290258287806,29.204565048217773,210699200
2015-06-09,28.953194243352247,28.706396432337822,29.11772727966309,224301600
2015-06-10,29.23198408125665,29.215987911821976,29.45136260986328,156349200
2015-06-11,29.51991447888805,29.35995278807534,29.38508987426757,141563600
2015-06-12,29.29368742686871,29.046887867957533,29.06059837341309,147544800
2015-06-15,28.81608310589857,28.72696133778321,29.003467559814453,175955600
2015-06-16,29.02860612766442,28.87778533679921,29.15886116027832,125976400
2015-06-17,29.186286175911988,28.962338022486964,29.090309143066406,131672400
2015-06-18,29.074311853599426,29.07202618810941,29.22284698486328,141628800
2015-06-19,29.18399844208237,28.88464078032368,28.930343627929688,218867600
2015-06-22,29.13372150455412,29.04003015279921,29.1611442565918,136157200
2015-06-23,29.131438523318813,28.99432650215545,29.02860450744629,121075600
2015-06-24,29.069741476585964,29.049175716856787,29.27540779113769,221123600
2015-06-25,29.446791526398336,29.13600730895996,29.13600730895996,127752400
2015-06-26,29.17486031352027,28.90978063384557,28.964624404907227,176267200
2015-06-29,28.66983318136152,28.445886790224737,28.457311630249023,196645600
2015-06-30,28.6949695594264,28.532722190105083,28.66297721862793,177482800
2015-07-01,28.998899642790583,28.79094767624392,28.930343627929688,120955200
2015-07-02,28.89149218217883,28.74066966696872,28.89377784729004,108844000
2015-07-06,28.551003745174967,28.530436244319954,28.793231964111328,112241600
2015-07-07,28.768093972524024,28.28363580641575,28.72239112854004,187787200
2015-07-08,28.445882383589275,28.00255751385995,28.00941276550293,243046400
2015-07-09,28.30192044129857,27.24388398167724,27.43812370300293,314380000
2015-07-10,27.86545416000869,27.69863544037598,28.171667098999023,245418000
2015-07-13,28.571566947450226,28.40931959423344,28.71553421020508,165762000
2015-07-14,28.80237378909668,28.57385606789799,28.704111099243164,127072400
2015-07-15,28.729250267717585,28.69725792391004,28.980619430541992,134596800
2015-07-16,29.19085576610275,29.10173398653112,29.36681365966797,144889600
2015-07-17,29.497071994535982,29.321112348280263,29.62047004699707,184658800
2015-07-20,29.928963228270263,29.867262473390205,30.180334091186523,235600800
2015-07-21,30.358581245550976,29.780431678643303,29.878692626953125,307025600
2015-07-22,27.8768753462414,27.8768753462414,28.614988327026367,461802400
2015-07-23,28.83893904296131,28.578428950234706,28.601282119750977,203998000
2015-07-24,28.63784108308121,28.31334633364337,28.45045661926269,168649200
2015-07-27,28.128246070758685,27.906585340925776,28.05512046813965,177822000
2015-07-28,28.19451332092285,28.00484495412162,28.19451332092285,134472400
2015-07-29,28.141956126240053,27.94085942712404,28.105392456054688,148046800
2015-07-30,27.9522899225627,27.8128939615095,27.963716506958008,134513200
2015-07-31,28.01627597979596,27.630082165383,27.71920394897461,171540000
2015-08-03,27.76490512245165,26.85540375955206,27.06564140319824,279904000
2015-08-04,26.83255423849032,25.879635623369584,26.197275161743164,496554400
2015-08-05,25.811071788543835,25.61683210524623,26.37094116210937,397250400
2015-08-06,26.62115796183853,26.19648691682396,26.428333282470703,211612000
2015-08-07,26.30208071659817,26.283716127802137,26.517858505249023,154681600
2015-08-10,26.749705709452343,26.749705709452343,27.481977462768555,219806400
2015-08-11,27.043535462494084,26.01514291652813,26.051870346069336,388331200
2015-08-12,25.83149680046907,25.16579537907281,26.453582763671875,404870000
2015-08-13,26.637225496472222,26.29289735161298,26.432924270629883,194143200
2015-08-14,26.24239495586521,26.17123436813177,26.618860244750977,171718000
2015-08-17,26.637226270234176,26.513267924322868,26.894325256347656,163538800
2015-08-18,26.726750255942463,26.63033879721248,26.74281883239746,138242800
2015-08-19,26.650998300374617,26.325034740646128,26.400787353515625,193146000
2015-08-20,26.18730074640536,25.624897120223284,25.85904121398925,274006400
2015-08-21,25.34943343981713,24.2521748998974,24.27742576599121,513102000
2015-08-24,21.77760857749816,21.118793413358617,23.67141342163086,648825200
2015-08-25,25.50553159724022,23.758640138720544,23.8137321472168,414406400
2015-08-26,24.582734273063583,24.114449516440686,25.1795711517334,387098400
2015-08-27,25.76263265888659,25.25532098250753,25.921022415161133,338464400
2015-08-28,25.74885767688005,25.60424048975438,26.00595664978028,212657600
2015-08-31,25.71672260632404,25.709836323238143,25.884296417236328,224917200
2015-09-01,25.285163807494943,24.644713247395806,24.727352142333984,307383600
2015-09-02,25.30352666408056,25.051017973857352,25.787879943847656,247555200
2015-09-03,25.8223140580362,25.259912139286445,25.335664749145508,212935600
2015-09-04,25.01429581240037,24.90870204307364,25.083160400390625,199985200
2015-09-08,25.652449602247067,25.32418999813324,25.78099822998047,219374400
2015-09-09,26.11384709113292,25.197932961520905,25.28516387939453,340043200
2015-09-10,25.31270678323472,25.22777363552717,25.84067726135254,251571200
2015-09-11,25.66162837447116,25.654742091979884,26.21714401245117,199662000
2015-09-14,26.761184324595547,26.366354431107723,26.46965217590332,233453600
2015-09-15,26.61197507775006,26.265350915661443,26.692317962646484,173364800
2015-09-16,26.68543116334598,26.49949452599259,26.72216033935547,148694000
2015-09-17,26.54999369244046,26.10466210890421,26.15057182312012,256450400
2015-09-18,25.758042333280585,25.679995455676085,26.042686462402344,297141200
2015-09-21,26.09318679088914,26.09089253085612,26.446697235107425,200888000
2015-09-22,26.02662173669392,25.829206750619107,26.031213760375977,201384800
2015-09-23,26.084003895198176,26.008253034953945,26.242395401000977,143026800
2015-09-24,25.996772861480714,25.794767663106903,26.39848899841309,200878000
2015-09-25,26.72904071062598,26.17352343007348,26.3319149017334,224607600
2015-09-28,26.134508181095924,25.810840606689457,25.810840606689453,208436000
2015-09-29,25.900362612299435,24.75948845019025,25.034950256347656,293461600
2015-09-30,25.28975435050452,24.95920051854446,25.31959724426269,265892000
2015-10-01,25.037243903817785,24.633231775099187,25.154315948486328,255716400
2015-10-02,24.79392195226165,24.68832820008172,25.33795928955078,232079200
2015-10-05,25.223185614898227,25.037248963289976,25.42978286743164,208258800
2015-10-06,25.39535329261936,25.19793830686538,25.551448822021484,192787200
2015-10-07,25.650152686352737,25.115297592622,25.42978286743164,187062400
2015-10-08,25.294345406031866,24.83983149636921,25.13595390319824,247918400
2015-10-09,25.2507280484966,25.13365600080471,25.73737907409668,211064400
2015-10-12,25.87740258947693,25.581280243714204,25.61800765991211,121868800
2015-10-13,25.438961021604168,25.40682387103457,25.6616268157959,132197200
2015-10-14,25.54685353330219,25.14972762793672,25.29893684387207,177849600
2015-10-15,25.46421272008906,25.36320924281056,25.677696228027344,150694000
2015-10-16,25.65933185919327,25.37239175206981,25.489463806152344,156930400
2015-10-19,25.434372245143187,25.27598074278388,25.647855758666992,119036800
2015-10-20,25.55832685329369,25.438960546456624,26.11613845825196,195871200
2015-10-21,26.1689321014079,26.100065790077505,26.11384010314941,167180800
2015-10-22,26.2446900927182,26.19189234299082,26.51326560974121,166616400
2015-10-23,26.78872882653881,26.703795672120005,27.33506393432617,237467600
2015-10-26,27.10550934091661,26.38012394582501,26.4627628326416,265335200
2015-10-27,26.490311645542043,26.166642356662035,26.29519271850586,279537600
2015-10-28,26.84152818098631,26.641817215631225,27.37867927551269,342205600
2015-10-29,27.24783268716954,27.149125217311976,27.66791343688965,204909200
2015-10-30,27.77351260192012,27.42000210031216,27.431480407714844,197461200
2015-11-02,27.729894245992845,27.45672668788832,27.817123413085938,128813200
2015-11-03,27.72759374680603,27.706933150551635,28.13619613647461,182076000
2015-11-04,28.264749074096173,27.918126668581607,28.005355834960938,179544400
2015-11-05,28.090656217202547,27.70566364408271,27.876258850097656,158210800
2015-11-06,27.92005481162858,27.80709331261876,27.90852737426757,132169200
2015-11-09,27.88547494417684,27.67568929799931,27.79556655883789,135485600
2015-11-10,26.949509137202007,26.75585905767976,26.919538497924805,236511600
2015-11-11,26.827326911850268,26.55990578331321,26.76738739013672,180872000
2015-11-12,26.80196583721024,26.661339523612185,26.67747688293457,130102400
2015-11-13,26.557595182757325,25.88212848092074,25.898265838623047,183249600
2015-11-16,25.676954671114306,25.58935211686965,26.322452545166016,152426800
2015-11-17,26.493046509961257,26.12419135275493,26.20948982238769,110467600
2015-11-18,26.686697547492564,26.626758032606247,27.03941535949707,186698800
2015-11-19,27.120102261980428,26.917232356958504,27.382911682128903,173183200
2015-11-20,27.479737479695963,27.399050680758226,27.50279235839844,137148400
2015-11-23,27.49587015664643,27.05093815960603,27.145458221435547,129930000
2015-11-24,27.048634293418825,27.00022222191786,27.405961990356445,171212800
2015-11-25,27.482043473024696,27.1846534762708,27.21001243591309,85553200
2015-11-27,27.26994965005001,27.110880145527844,27.159292221069336,52185600
2015-11-30,27.20078609050288,27.145458260409093,27.272253036499023,156721200
2015-12-01,27.375998176168928,26.94028769327229,27.05094337463379,139409600
2015-12-02,27.05094200471488,26.76046953672084,26.806575775146484,133546400
2015-12-03,26.868823311929525,26.33167697236848,26.557600021362305,166278000
2015-12-04,26.57834302473256,26.53684671267144,27.440542221069336,231108000
2015-12-07,27.42901831388592,27.15929138865007,27.26764297485352,128336800
2015-12-08,27.09243948300977,26.940287482617343,27.25612068176269,137238000
2015-12-09,27.12010596343512,26.529937607302784,26.65442657470703,185445600
2015-12-10,26.75124678991732,26.629063680373505,26.78121566772461,116850800
2015-12-11,26.555292270719168,26.015840165945505,26.091917037963867,187544800
2015-12-14,25.861380883552886,25.310403130308,25.9305419921875,257274800
2015-12-15,25.806053312266144,25.439502246949232,25.47177696228028,213292400
2015-12-16,25.605490547388907,25.08217752185236,25.667734146118164,224954000
2015-12-17,25.82449642851406,25.12367248535156,25.12367248535156,179091200
2015-12-18,25.1075389593764,24.392879870209534,24.4435977935791,385813200
2015-12-21,24.731758695972378,24.3375446280312,24.7432861328125,190362400
2015-12-22,24.759426300146984,24.540417287198967,24.72023582458496,131157600
2015-12-23,24.72945465024388,24.713317292801364,25.03837203979492,130629600
2015-12-24,25.128282023894844,24.88621988801851,24.9046630859375,54281600
2015-12-28,24.80322234908062,24.47816940455857,24.62571144104004,106816800
2015-12-29,24.657988857589647,24.634935741642007,25.068340301513672,123724800
2015-12-30,25.031456248090656,24.70870734082111,24.740982055664062,100855200
2015-12-31,24.66951654544289,24.164645034515782,24.26608085632324,163649200
2016-01-04,23.655168158480425,23.51454183620374,24.28683280944824,270597600
2016-01-05,24.37904454107569,23.60905948681124,23.67821884155273,223164000
2016-01-06,23.18256903247985,23.02350128437063,23.21484375,273829600
2016-01-07,22.749162387329203,22.23045935517279,22.235069274902344,324377600
2016-01-08,22.71919311016385,22.306535827485963,22.35264205932617,283192000
2016-01-11,22.81602018427729,22.44024748701536,22.714584350585938,198957600
2016-01-12,23.180266888198474,22.786050967711144,23.04425048828125,196616800
2016-01-13,23.127239382962163,22.43102541254344,22.451772689819336,249758400
2016-01-14,22.58318028369224,22.07139293920764,22.942813873291016,252680400
2016-01-15,22.17744070081915,21.983792368558834,22.39183807373047,319335600
2016-01-19,22.686921146040863,22.01606431075772,22.283485412597656,212350800
2016-01-20,21.923847597056803,21.536549266408503,22.313451766967773,289337600
2016-01-21,22.37570181362832,21.88696927930182,22.200496673583984,208646000
2016-01-22,22.737638688087213,22.67770092754836,23.380830764770508,263202000
2016-01-25,23.403884518196968,22.87134986604637,22.924373626708984,207178000
2016-01-26,23.03733120141995,22.60853654551427,23.05116271972656,300308000
2016-01-27,22.140550087718097,21.51810541863887,21.53654861450196,533478800
2016-01-28,21.621852066644163,21.29910309990843,21.691011428833008,222715200
2016-01-29,21.852382302071472,21.750946481092605,22.440244674682617,257666000
2016-02-01,22.239682719636946,21.99301066177558,22.23046112060547,163774000
2016-02-02,21.99761760597232,21.734808225069507,21.78091621398925,149428800
2016-02-03,21.900795579179537,21.688704086218586,22.21201705932617,183857200
2016-02-04,22.21897061468669,22.063674667128744,22.390491485595703,185886800
2016-02-05,22.371946403810487,21.715994468412408,21.79248237609864,185672400
2016-02-08,21.586193589445543,21.56533373301538,22.02195167541504,216085600
2016-02-09,21.855069475528165,21.77162649881725,22.017318725585938,177324800
2016-02-10,22.2328781008445,21.81102830798554,21.850431442260746,169374400
2016-02-11,21.739172934620026,21.461029136977075,21.718311309814453,200298800
2016-02-12,21.83188827570644,21.55838117134127,21.78553009033203,161405600
2016-02-16,22.024269750658707,21.929238562064462,22.399763107299805,196231600
2016-02-17,22.40671339457328,22.286185661377647,22.7428035736084,179452800
2016-02-18,22.909693110694143,22.2722825644712,22.311687469482425,156084000
2016-02-19,22.251422865384164,22.2050664417683,22.26069450378418,141496800
2016-02-22,22.32327319338562,22.232876940233613,22.45539093017578,137123200
2016-02-23,22.34413768503089,21.915334573323864,21.947784423828125,127770400
2016-02-24,21.783214662968003,21.63023529569271,22.274599075317383,145022800
2016-02-25,22.26301038791648,22.077581177237,22.42757797241211,110330800
2016-02-26,22.529559483378986,22.385853543969144,22.462343215942383,115964400
2016-02-29,22.45075528856992,22.40208052058922,22.411352157592773,140865200
2016-03-01,22.63386865217232,22.580557175581976,23.301410675048828,201628400
2016-03-02,23.29677748412129,23.095123320685644,23.352405548095703,132678400
2016-03-03,23.31299894859411,23.28286568511087,23.526241302490234,147822800
2016-03-04,23.727895209845794,23.49610958345889,23.87623786926269,184220400
2016-03-07,23.73253107879424,23.40107754927405,23.612003326416016,143315600
2016-03-08,23.35935667493353,23.27127876775351,23.41730308532715,126247600
2016-03-09,23.48220373585961,23.241146446624462,23.43816566467285,108806800
2016-03-10,23.505380722659133,23.21333034445244,23.449750900268555,134054400
2016-03-11,23.697767318343,23.52624641108469,23.7024040222168,109632800
2016-03-14,23.621273378962147,23.591140116601608,23.76266098022461,100304400
2016-03-15,24.09643319181843,24.070936631778626,24.240140914916992,160270800
2016-03-16,24.2470959124377,24.24245920934824,24.56232452392578,153214000
2016-03-17,24.45801914602379,24.328219757798426,24.522920608520508,137682800
2016-03-18,24.648085021626,24.38153294046143,24.55073547363281,176820800
2016-03-21,24.553052979766992,24.36994211148486,24.548418045043945,142010800
2016-03-22,24.395437033939945,24.38616539673284,24.736162185668945,129777600
2016-03-23,24.6805354913318,24.54609939699399,24.599409103393555,102814000
2016-03-24,24.446429990130653,24.31199390410696,24.492786407470703,104532000
2016-03-28,24.5692746323762,24.351395593338324,24.38152885437012,77645600
2016-03-29,24.311993298936297,24.30967494761181,24.958675384521484,124760400
2016-03-30,25.18350807234572,25.17191808394351,25.394432067871094,182404400
2016-03-31,25.4315181208778,25.23681728349218,25.26231384277344,103553600
2016-04-01,25.21364017474178,25.07920408692223,25.49410057067871,103496000
2016-04-04,25.593768591829207,25.559000393989788,25.75601959228516,149424800
2016-04-05,25.382842697226604,25.361981072725097,25.452377319335938,106314800
2016-04-06,25.54972869229452,25.31098802739428,25.71893119812012,105616400
2016-04-07,25.48482534329615,25.06065905040841,25.158008575439453,127207600
2016-04-08,25.243767927194423,25.07224532774398,25.185821533203125,94326800
2016-04-11,25.257679815679847,25.22522996968077,25.269268035888672,117630000
2016-04-12,25.34343645066585,25.18582394158616,25.59840202331543,108929200
2016-04-13,25.681847494758163,25.681847494758163,25.9692611694336,133029200
2016-04-14,25.87191344019212,25.80469539325178,25.983169555664062,101895600
2016-04-15,25.985484915532627,25.43383579956615,25.46164894104004,187756000
2016-04-18,25.239141784677315,24.78716042980322,24.912324905395508,243286000
2016-04-19,25.00503151944819,24.622586669254407,24.78020095825196,129539600
2016-04-20,24.71762325756169,24.58318714699569,24.83119773864746,122444000
2016-04-21,24.784838525849583,24.458019925021937,24.56232452392578,126210000
2016-04-22,24.339813584367267,24.249417314974327,24.49510955810547,134732400
2016-04-25,24.33749195711681,24.223917489797817,24.356035232543945,112126400
2016-04-26,24.084849842925166,24.084849842925166,24.18683433532715,224064800
2016-04-27,22.251423258016658,22.17725191789197,22.67327308654785,458408400
2016-04-28,22.624596022514925,21.845796145768013,21.98023223876953,328970800
2016-04-29,21.78552933493936,21.44248761698316,21.727582931518555,274126000
2016-05-02,21.7808964223081,21.41699304578577,21.70440673828125,192640400
2016-05-03,21.834203015274785,21.71367528024512,22.06135368347168,227325200
2016-05-04,22.06599233053041,21.746128782355825,21.83189010620117,164102000
2016-05-05,21.920506723056327,21.61268691257945,21.743276596069336,143562000
2016-05-06,21.77358756506818,21.419127404929466,21.62200927734375,174799600
2016-05-09,21.68730921888864,21.591697646834408,21.63833808898925,131745600
2016-05-10,21.764260941669143,21.479760519558333,21.78524780273437,134747200
2016-05-11,21.79924508104793,21.56138326760542,21.573043823242188,114876400
2016-05-12,21.622008994369068,20.864119344816206,21.066999435424805,305258800
2016-05-13,20.98771669120597,20.98771669120597,21.10897827148437,177571200
2016-05-16,21.54505432194068,21.372489171184537,21.89251708984375,245039200
2016-05-17,22.048760739164905,21.68963741152239,21.801570892333984,187667600
2016-05-18,21.95781673643,21.894852589210707,22.05109405517578,168249600
2016-05-19,22.069747370056,21.820226838535472,21.967140197753903,121768400
2016-05-20,22.06974535062044,22.041761093693967,22.20499992370605,128104000
2016-05-23,22.356581513065,22.30994107794641,22.487171173095703,152074400
2016-05-24,22.67140117707731,22.58278522316539,22.829975128173828,140560800
2016-05-25,23.009531501965466,22.878941842447844,23.231069564819336,152675200
2016-05-26,23.24506207129672,23.00253713388073,23.41529655456543,225324800
2016-05-27,23.18909603027561,23.14478805811569,23.40130424499512,145364800
2016-05-31,23.22640902314503,23.044515740383485,23.28704071044922,169228800
2016-06-01,23.09115333784092,22.93024870699237,22.96056365966797,116693200
2016-06-02,22.76001202983433,22.533810802402847,22.78799629211425,160766400
2016-06-03,22.804319831334915,22.72503197837139,22.83463478088379,114019600
2016-06-06,22.850962038399903,22.748356619831057,23.000207901000977,93170000
2016-06-07,23.14478656107908,23.07715926342267,23.093482971191406,89638000
2016-06-08,23.091152718521208,23.011866638657256,23.072498321533203,83392400
2016-06-09,22.96989088013659,22.960562792169394,23.238067626953125,106405600
2016-06-10,22.976884717674185,22.965225942983384,23.046844482421875,126851600
2016-06-13,23.014192248898546,22.643408419996145,22.69937515258789,152082000
2016-06-14,22.694714266874403,22.56179215172021,22.72736167907715,127727600
2016-06-15,22.81131823936524,22.627092494633025,22.65274429321289,117780800
2016-06-16,22.49183410800369,22.40321995086732,22.74835205078125,125307200
2016-06-17,22.531479813840217,22.2236600494772,22.230655670166016,244032800
2016-06-20,22.386902407206385,22.160701129469384,22.1770248413086,137647600
2016-06-21,22.13970835899462,22.079076682979967,22.365909576416016,142185600
2016-06-22,22.44519469427728,22.23531719325392,22.281957626342773,116876400
2016-06-23,22.37290671372197,22.21200031533773,22.41021728515625,128960800
2016-06-24,21.666322181172166,21.60569049643077,21.78058815002441,301245600
2016-06-27,21.687304866673347,21.33750962688829,21.463436126708984,181958400
2016-06-28,21.66399121612661,21.486761083369856,21.82489585876465,161779600
2016-06-29,21.913507786807664,21.83421993443072,22.013782501220703,146124000
2016-06-30,22.02310984292924,21.990462428100088,22.29361724853516,143345600
2016-07-01,22.267968911299203,22.230658336766485,22.361248016357425,104106000
2016-07-05,22.244644363335144,22.02777125107184,22.151365280151367,110820800
2016-07-06,22.060419134689564,22.00678486163947,22.27729225158692,123796400
2016-07-07,22.31693340262711,22.298279010485263,22.372901916503903,100558400
2016-07-08,22.5011632212418,22.39855781860148,22.54547119140625,115648400
2016-07-11,22.56179477468309,22.557131620605087,22.61543083190918,95179600
2016-07-12,22.65973934168949,22.64808056572595,22.71803855895996,96670000
2016-07-13,22.7157034913196,22.58277959358783,22.58977699279785,103568800
2016-07-14,22.71103971405245,22.69471600669967,23.03751564025879,155676000
2016-07-15,23.067828457221523,22.96988622215364,23.035181045532227,120548000
2016-07-18,23.01652717563715,22.993207847690897,23.2800407409668,145975600
2016-07-19,23.21707544982849,23.165771863394465,23.28936767578125,95119600
2016-07-20,23.319686135437628,23.25905445332325,23.31035804748535,105104000
2016-07-21,23.28004286286552,23.11680399406169,23.18676376342773,130808000
2016-07-22,23.147116065157743,22.92557802619208,23.007198333740234,113254800
2016-07-25,22.91158508985505,22.601432925764747,22.69937515258789,161531600
2016-07-26,22.578116476183656,22.4848373905566,22.543136596679688,224959200
2016-07-27,24.315431963744004,23.960973575430074,24.007612228393555,369379200
2016-07-28,23.979632536284747,23.977300069620217,24.331758499145508,159479200
2016-07-29,24.29677994588349,24.17784905630134,24.301443099975582,110934800
2016-08-01,24.34808328936408,24.34808328936408,24.730525970458984,152671600
2016-08-02,24.730527488731227,24.25247321843822,24.364408493041992,135266400
2016-08-03,24.44135769510756,24.43202960897733,24.669891357421875,120810400
2016-08-04,24.75430248601736,24.68396372715065,24.822296142578125,109634800
2016-08-05,24.916075476956006,24.894974925357573,25.19977378845215,162213600
2016-08-08,25.2091490286258,25.124745038767696,25.4084415435791,112148800
2016-08-09,25.37562259745989,25.324041078709204,25.511608123779297,105260800
2016-08-10,25.4881579740946,25.26542158833777,25.321691513061523,96034000
2016-08-11,25.44360746130312,25.28651963474793,25.30527687072754,109938000
2016-08-12,25.27010721152524,25.27010721152524,25.3638916015625,74641600
2016-08-15,25.3545198339864,25.340452797756125,25.66869735717773,103472800
2016-08-16,25.703859622255816,25.60538681146827,25.645244598388672,135177600
2016-08-17,25.5796007269686,25.4014105210262,25.60773658752441,101424000
2016-08-18,25.61007858443819,25.560840387238624,25.57490921020508,87938800
2016-08-19,25.502225845191543,25.40609812849925,25.64055824279785,101472400
2016-08-22,25.52332769421656,25.286522482473632,25.441267013549805,103280800
2016-08-23,25.460022612546418,25.44595557828903,25.52098274230957,85030800
2016-08-24,25.45533832472752,25.246668935062026,25.3287296295166,94700400
2016-08-25,25.17867379780153,25.01220731632022,25.220876693725582,100344800
2016-08-26,25.18336243654915,24.92545487260944,25.073165893554688,111065200
2016-08-29,24.99813928417616,24.920767013267994,25.04503059387207,99881200
2016-08-30,24.80588235611174,24.73554360191777,24.85277366638184,99455600
2016-08-31,24.773057557604627,24.768367353403445,24.876218795776367,118649600
2016-09-01,24.885599090669235,24.763680605062888,25.0239315032959,106806000
2016-09-02,25.2513532133818,25.04502895987656,25.25838851928711,107210000
2016-09-06,25.29824731481935,25.20680801108969,25.251354217529297,107521600
2016-09-07,25.281835739260853,25.10364554318008,25.406099319458008,169457200
2016-09-08,25.14584928514552,24.67458391656304,24.740232467651367,212008000
2016-09-09,24.533903938693378,24.17986869812012,24.17986869812012,186228000
2016-09-12,24.06733165237712,24.0391957940405,24.72147560119629,181171200
2016-09-13,25.20680581354868,25.14350058492328,25.309967041015625,248704800
2016-09-14,25.49284742435509,25.46236646657309,26.205604553222656,443554800
2016-09-15,26.695632881794342,26.60888198213633,27.096559524536133,359934400
2016-09-16,26.99105547615525,26.73783806266616,26.94416236877441,319547600
2016-09-19,27.007461012645503,26.552607820612906,26.62998008728028,188092000
2016-09-20,26.505715580951065,26.379106909619424,26.62763404846192,138057200
2016-09-21,26.693284656526107,26.36269681313334,26.622947692871094,144012800
2016-09-22,26.810514117656822,26.72845343416932,26.87381935119629,124296000
2016-09-23,26.82692719602385,26.154027779017657,26.426000595092773,209924800
2016-09-26,26.1751284032086,26.154027850422995,26.465858459472656,119477600
2016-09-27,26.493996110216248,26.339251557502493,26.51509666442871,98429600
2016-09-28,26.65577367715898,26.59481354038258,26.716732025146484,118564400
2016-09-29,26.5315085406871,26.21264262834033,26.30173683166504,143548000
2016-09-30,26.36738772266889,26.212644956959423,26.505720138549805,145516400
2016-10-03,26.42599673558772,26.32517882454896,26.38144874572754,86807200
2016-10-04,26.50805697732593,26.407239067932643,26.493989944458008,118947200
2016-10-05,26.58778083163732,26.42131434314866,26.505720138549805,85812400
2016-10-06,26.65811542558776,26.52447322624723,26.70266342163086,115117200
2016-10-07,26.80113249420433,26.613565494226705,26.74251747131348,97433600
2016-10-10,26.96760337931196,26.89726641354932,27.20909881591797,144944000
2016-10-11,27.59596015487559,27.24426991438633,27.267717361450195,256164000
2016-10-12,27.51389600549037,27.37322028469723,27.511550903320312,150347200
2016-10-13,27.38259701006772,27.13172475889393,27.42714500427246,140769600
2016-10-14,27.638159099074024,27.4623140040004,27.57954406738281,142608800
2016-10-17,27.509207593261927,27.38025380572581,27.560789108276367,94499600
2016-10-18,27.70850256014872,27.53734585146468,27.542036056518555,98214000
2016-10-19,27.490447737052715,26.68156107778924,27.45996856689453,80138400
2016-10-20,27.399008656793253,27.274745084431448,27.445899963378903,96503200
2016-10-21,27.38728725500621,27.263023672121324,27.33805084228516,92770800
2016-10-24,27.45528235102547,27.43183669451444,27.58423614501953,94154800
2016-10-25,27.654570078136388,27.504515746394745,27.72490882873535,192516000
2016-10-26,26.801137196477693,26.566677063778105,27.10124588012696,264536800
2016-10-27,27.05435741631175,26.75190359864428,26.840999603271484,138248000
2016-10-28,26.697973023704343,26.59949841930101,26.662803649902344,151446800
2016-10-31,26.646388591395635,26.54088048156174,26.62059783935547,105677600
2016-11-01,26.601846076617136,25.91487782567702,26.13995933532715,175303200
2016-11-02,26.118856353290173,26.07899856429388,26.163402557373047,113326800
2016-11-03,26.15398277162195,25.816983292313097,25.88296890258789,107730400
2016-11-04,25.5766010670186,25.477622667158503,25.649656295776367,123348000
2016-11-07,25.941883798038152,25.79577152570207,26.0196533203125,130240000
2016-11-08,25.996080772846472,25.85232566914645,26.172828674316406,97016800
2016-11-09,25.894747261028165,25.46348371419856,26.13041114807129,236705600
2016-11-10,26.179899972893963,24.940309239376514,25.402210235595703,228538000
2016-11-11,25.244318498976863,25.10999014319346,25.553037643432617,136575600
2016-11-14,25.38335509668291,24.527895900074533,24.91202735900879,204702000
2016-11-15,25.11469800802513,25.0180767583713,25.24195671081543,129058000
2016-11-16,25.145337028057803,25.12177099801109,25.92067146301269,235362000
2016-11-17,25.87825254357578,25.64730292612088,25.911245346069336,110528000
2016-11-18,25.85703945587611,25.842900199381805,25.937164306640625,113715600
2016-11-21,25.95131138513234,25.92538821022689,26.330730438232425,117058400
2016-11-22,26.382571426526862,26.25295736747985,26.34722328186035,103862000
2016-11-23,26.24353009714988,26.000796585867977,26.212894439697266,109705600
2016-11-25,26.18932866862512,26.146909094529825,26.344867706298828,45903600
2016-11-28,26.26002554255381,26.250598771840384,26.293018341064453,108776000
2016-11-29,26.10684595291724,25.93952480352845,26.26709747314453,114115200
2016-11-30,26.300091639088013,25.986658211532863,26.045574188232425,144649200
2016-12-01,26.01022657950544,25.69443600290692,25.80284118652344,148347600
2016-12-02,25.72742442155477,25.652012054589537,25.899459838867188,106112000
2016-12-05,25.923026150272293,25.51061437060887,25.713285446166992,137298000
2016-12-06,25.805197309193314,25.73214207481085,25.911245346069336,104782000
2016-12-07,25.74863764501301,25.725071615131483,26.16576194763184,119994800
2016-12-08,26.12569902684468,26.0644259119241,26.42263603210449,108273200
2016-12-09,26.46741225404336,26.46741225404336,26.853900909423828,137610400
2016-12-12,26.69836269100834,26.509830857155947,26.700719833374023,105497600
2016-12-13,26.82797808331516,26.806769194891253,27.14612579345703,174935200
2016-12-14,27.110775848110944,27.09663658916168,27.14612579345703,136127200
2016-12-15,27.19089731573682,27.155549172779804,27.29458999633789,186098000
2016-12-16,27.447774652956355,27.254530327352043,27.32994270324707,177404400
2016-12-19,27.28987813344703,27.27809422021033,27.48783493041992,111117600
2016-12-20,27.51140290236333,27.49726364385866,27.56089210510254,85700000
2016-12-21,27.525547368642723,27.520833083241936,27.58681869506836,95132800
2016-12-22,27.41949280396545,27.25217166049461,27.40535354614257,104343600
2016-12-23,27.240389082724576,27.240389082724576,27.459556579589844,56998000
2016-12-27,27.45955670011336,27.45248707082423,27.63394927978516,73187600
2016-12-28,27.69522036298879,27.38414409110744,27.516117095947266,83623600
2016-12-29,27.4430610581205,27.431278941637043,27.509048461914062,60158000
2016-12-30,27.490191444572563,27.20268122870428,27.29458999633789,122345200
2017-01-03,27.289880132061423,27.044789462164893,27.37236213684082,115127600
2017-01-04,27.301661964985083,27.278095935002973,27.34172439575196,84472400
2017-01-05,27.318161429417543,27.29223825413817,27.480770111083984,88774400
2017-01-06,27.520829007296108,27.447773776161355,27.78713035583496,127007600
2017-01-09,27.796556285642204,27.794200941182684,28.04164695739746,134247600
2017-01-10,27.9897986528897,27.879038137939023,28.06992530822754,97848400
2017-01-11,27.982727885280305,27.94973508676996,28.220748901367188,110354400
2017-01-12,28.02043662372861,27.857827965767964,28.10291862487793,108344800
2017-01-13,28.0699250496769,27.999225166087243,28.053428649902344,104447600
2017-01-17,27.888469621706463,27.860191099786608,28.279672622680664,137759200
2017-01-18,28.279668467544614,28.211325719657967,28.27731132507324,94852000
2017-01-19,28.138269716333035,28.13120008708489,28.227821350097656,102389200
2017-01-20,28.38572067582645,28.216044150387827,28.279672622680664,130391600
2017-01-23,28.27966749869084,28.225464011543632,28.29852104187012,88200800
2017-01-24,28.173617959808126,28.161834046457333,28.27259635925293,92844000
2017-01-25,28.378644416344656,28.34565161649621,28.722713470458984,129510400
2017-01-26,28.67322810401065,28.656731701881025,28.73685836791992,105350400
2017-01-27,28.78398684239799,28.65672812842145,28.73921012878418,82251600
2017-01-30,28.49883717273764,28.43520870710861,28.663801193237305,121510000
2017-01-31,28.55068249804693,28.42578091586392,28.597814559936523,196804000
2017-02-01,29.93638223653696,29.931669750068902,30.34172439575196,447940000
2017-02-02,30.160268585648566,30.11313472393848,30.28988265991211,134841600
2017-02-03,30.238036223000584,30.20268807428713,30.41949844360352,98029200
2017-02-06,30.43128157137049,30.377076283483984,30.704648971557617,107383600
2017-02-07,30.76356528969141,30.74235640077671,30.99687385559082,152735200
2017-02-08,30.95445084281844,30.92381338893683,31.117055892944336,92016400
2017-02-09,31.15966615847062,31.034223045725223,31.341915130615234,113399600
2017-02-10,31.351380400655025,31.25433842477608,31.270904541015625,80262000
2017-02-13,31.49812099728524,31.42001431362977,31.547822952270508,92141600
2017-02-14,31.590440446122848,31.53836930356547,31.95730400085449,132904800
2017-02-15,32.075638058098626,31.86261882106048,32.07326889038086,142492400
2017-02-16,32.11113791168594,31.914688411990653,32.035400390625,90338400
2017-02-17,31.97623045900148,31.97623045900148,32.12297439575195,88792800
2017-02-21,32.24368452052412,32.18451310906601,32.35492706298828,98028800
2017-02-22,32.29102102905678,32.215283500150825,32.45196914672852,83347600
2017-02-23,32.51588154860037,32.26026056765193,32.314697265625,83152800
2017-02-24,32.16794476230413,32.018831660073054,32.345458984375,87106400
2017-02-27,32.459060725105736,32.255510979158046,32.40935516357422,81029600
2017-02-28,32.44486575026622,32.35492405751302,32.42356491088867,93931600
2017-03-01,32.63657959491332,32.56794235503547,33.086280822753906,145658400
2017-03-02,33.13599449998424,32.84250296283114,32.88984298706055,104844000
2017-03-03,32.84722630278676,32.802255462277685,33.08391189575195,84432400
2017-03-06,32.98687857051961,32.80463321653741,32.97977828979492,87000000
2017-03-07,32.91350384760756,32.84959771488403,33.02238082885742,69785200
2017-03-08,32.887468432160446,32.85670175529487,32.8993034362793,74828800
2017-03-09,32.837774426770494,32.437775026782546,32.823570251464844,88623600
2017-03-10,32.958465824655086,32.81408748160811,32.932430267333984,78451200
2017-03-13,32.863806013558786,32.85670573253524,32.9466438293457,69686800
2017-03-14,32.97030647114547,32.86142950055882,32.896934509277344,61236400
2017-03-15,32.99634099570892,32.90639931029224,33.2448616027832,102767200
2017-03-16,33.30640524279623,33.197528253785705,33.2993049621582,76928000
2017-03-17,33.372672391664395,33.109951209226026,33.13362121582031,175540000
2017-03-20,33.23066609879053,33.190429968910124,33.4815559387207,86168000
2017-03-21,33.635391346259134,33.07207845275701,33.098114013671875,158119600
2017-03-22,33.100489454510004,33.07918500133412,33.47208404541016,103440800
2017-03-23,33.4342091208465,33.28036491365817,33.353736877441406,81385200
2017-03-24,33.49101774951738,33.21883071065523,33.28746795654297,89582400
2017-03-27,32.99161350004516,32.80936453339296,33.344276428222656,94300400
2017-03-28,33.35137894230874,33.28273807489815,34.035400390625,133499200
2017-03-29,34.00698370899328,33.8910100817148,34.11112594604492,116760000
2017-03-30,34.127698864987465,33.964385215374435,34.066158294677734,84829200
2017-03-31,34.01645504437331,33.848406677699714,34.002254486083984,78646800
2017-04-03,34.01409173225889,33.857878357700265,34.011722564697266,79942800
2017-04-04,33.90522468979928,33.88628940143973,34.26498794555664,79565600
2017-04-05,34.13479977973152,34.037757810541386,34.08746337890625,110871600
2017-04-06,34.15136395965758,33.95254892053567,34.002254486083984,84596000
2017-04-07,34.018832388369184,33.90995899606735,33.9265251159668,66688800
2017-04-10,33.988056755247506,33.82237393066048,33.88628005981445,75733600
2017-04-11,33.831851022433305,33.15019512153087,33.52179336547852,121517600
2017-04-12,33.514690568315714,33.375043285532534,33.56202697753906,81400000
2017-04-13,33.58806367185667,33.38451385498047,33.38451385498047,71291600
2017-04-17,33.48628090186035,33.34190252749372,33.569122314453125,66328400
2017-04-18,33.469715183489896,33.39870877350136,33.42000961303711,58790000
2017-04-19,33.58095401440421,33.242491729104025,33.29692840576172,69313600
2017-04-20,33.42474800738905,33.410547446139084,33.713504791259766,93278400
2017-04-21,33.713503490336386,33.573859828051674,33.67326736450195,69283600
2017-04-24,33.964392228215566,33.888651083437395,33.997528076171875,68537200
2017-04-25,34.061431716360104,34.05196226818938,34.20817565917969,75486000
2017-04-26,34.19397218972545,33.935985727831564,34.006988525390625,80164800
2017-04-27,34.063794120631684,33.9194157474463,34.03302383422852,56985200
2017-04-28,34.10403545541784,33.909955094648055,33.99989318847656,83441600
2017-05-01,34.34308851995816,34.30995267413327,34.693382263183594,134411600
2017-05-02,34.92059438970403,34.75491517989012,34.91349411010742,181408800
2017-05-03,34.45905582493583,34.14663270923255,34.806983947753906,182788000
2017-05-04,34.67919114472012,34.5111427020075,34.68155670166016,93487600
2017-05-05,34.735975975766294,34.735975975766294,35.25668716430664,109310800
2017-05-08,35.2732630945793,35.2732630945793,36.21527099609375,195009600
2017-05-09,36.41881893017139,36.31941139295679,36.44722366333008,156521600
2017-05-10,36.36201691014798,36.00225371739874,36.27444076538086,103222800
2017-05-11,36.23165618794408,36.19838357493126,36.58815002441406,109020400
2017-05-12,36.76639516793709,36.75926558166727,37.09912490844727,130108000
2017-05-15,37.07772982691909,36.84957582999053,37.00405502319336,104038800
2017-05-16,37.06111121140725,36.77116251183915,36.94940948486328,80194000
2017-05-17,36.50498013194191,35.580472678884384,35.70880889892578,203070800
2017-05-18,35.95122286394244,35.91795024467946,36.2530517578125,134272800
2017-05-19,36.45268645416307,36.2744395251614,36.37663269042969,107843200
2017-05-22,36.60004301474184,36.3409916325814,36.5976676940918,91865600
2017-05-23,36.813935997020096,36.43605332610328,36.55250930786133,79675600
2017-05-24,36.56200755014908,36.2839427886765,36.44317626953125,76712000
2017-05-25,36.53586877055632,36.36950568364065,36.56914138793945,76942400
2017-05-26,36.60003918750251,36.4360514187042,36.50735092163086,87710400
2017-05-30,36.4621946117128,36.44080584867229,36.521610260009766,80507600
2017-05-31,36.59290932851106,36.21502668017818,36.30533599853516,97804800
2017-06-01,36.40277986141391,36.17700111760449,36.405155181884766,65616400
2017-06-02,36.5002170928043,36.33622934306069,36.94464492797852,111082800
2017-06-05,36.68084325853363,36.47170264538191,36.58340072631836,101326800
2017-06-06,36.57627032678763,36.54775197709168,36.70698547363281,106499600
2017-06-07,36.84245655896944,36.71411672662891,36.92563629150391,84278400
2017-06-08,36.897110475834175,36.695095860010994,36.83531951904297,85003200
2017-06-09,36.88285325589104,34.70348801649879,35.40696716308594,259530800
2017-06-12,34.63694778328593,33.86929499300156,34.56089401245117,289229200
2017-06-13,34.97442432980607,34.49672024785025,34.83895492553711,136661600
2017-06-14,35.05522927812139,34.18538339653489,34.49909973144531,126124800
2017-06-15,34.061798542765736,33.79799296615415,34.292327880859375,128661600
2017-06-16,34.17113275564573,33.79562536392563,33.81226348876953,201444400
2017-06-19,34.142607043222164,34.142607043222164,34.779541015625,130165600
2017-06-20,34.90550781819032,34.446820702555975,34.46345520019531,99600400
2017-06-21,34.58465932395988,34.3683855078962,34.66783905029297,85063200
2017-06-22,34.64407813033325,34.489595264855424,34.61080551147461,76425200
2017-06-23,34.491963593255804,34.48720932732721,34.76527404785156,141757600
2017-06-26,34.97680624873482,34.55139176796727,34.65596389770508,102769600
2017-06-27,34.463448527056336,34.1330976944761,34.15924072265625,99047600
2017-06-28,34.33986585303199,34.02377420152419,34.65833282470703,88329600
2017-06-29,34.39214989369779,33.81462799990184,34.14735412597656,125997600
2017-06-30,34.33035783823237,34.17112434998872,34.22816467285156,92096400
2017-07-03,34.43255544347098,34.009516344963046,34.10457992553711,57111200
2017-07-05,34.14974078951858,33.91920776919912,34.24480438232422,86278400
2017-07-06,33.990509274318974,33.84553492958329,33.92158508300781,96515200
2017-07-07,33.96197419652992,33.96197419652992,34.26618194580078,76806800
2017-07-10,34.2495516462066,34.07368004639218,34.4753303527832,84362400
2017-07-11,34.39690913089896,34.313729391811776,34.587039947509766,79127200
2017-07-12,34.667837484864805,34.41829469069052,34.63694381713867,99538000
2017-07-13,34.57991622742276,34.56565704838481,35.11941146850586,100797600
2017-07-14,35.1669332342152,35.01482932382775,35.42123031616211,80528400
2017-07-17,35.368943278492026,35.3095276395695,35.5448112487793,95174000
2017-07-18,35.45925937595735,35.33329848742899,35.66840362548828,71475200
2017-07-19,35.763460116767426,35.637499253240826,35.89179992675781,83692000
2017-07-20,36.00588357565991,35.69454615269539,35.730194091796875,68974800
2017-07-21,35.647009154753235,35.383203564581514,35.71355438232422,105010400
2017-07-24,35.787233695301,35.6256212462825,36.14610290527344,85972800
2017-07-25,36.07717948578228,36.07717948578228,36.30058288574219,75415600
2017-07-26,36.445555733821294,36.37663155927578,36.47169876098633,63124000
2017-07-27,36.54062256134021,35.00769960844581,35.78247833251953,129905200
2017-07-28,35.62324781092795,35.45688471228451,35.53055953979492,68854800
2017-07-31,35.625621871435406,35.204961685410225,35.347557067871094,79383600
2017-08-01,35.435495210948005,35.27150743625256,35.66127395629883,141474400
2017-08-02,37.85489213464444,37.11338611049258,37.34629440307617,279747200
2017-08-03,37.32490315344363,36.84244848062268,36.97316360473633,108389200
2017-08-04,37.09200252953679,37.00168958398002,37.16805267333984,82239600
2017-08-07,37.327281283265,37.234593029451176,37.74319076538086,87481200
2017-08-08,37.69328906092311,37.61485996930971,38.04502868652344,144823600
2017-08-09,37.85013788143134,37.81448994812023,38.277931213378906,104526000
2017-08-10,38.15147787844244,36.89408027400664,37.058712005615234,163217200
2017-08-11,37.36412329733973,37.23766774839168,37.5740852355957,105028400
2017-08-14,38.01309754427392,37.877096144447314,38.13955307006836,88490800
2017-08-15,38.332810078099484,38.20873921689144,38.557090759277344,117862000
2017-08-16,38.63821546200483,38.211126819329614,38.40200424194336,110686400
2017-08-17,38.29941123810184,37.65997239387366,37.66474533081055,111762400
2017-08-18,37.66474062850263,37.392741508005074,37.5788459777832,109712400
2017-08-21,37.57885765824526,37.008613551153886,37.50966644287109,105474000
2017-08-22,37.753027955070266,37.70292485522855,38.12285232543945,86418400
2017-08-23,37.95344708237619,37.90811328421563,38.17056655883789,77596400
2017-08-24,38.27793959714938,37.82938176783459,38.00117111206055,79275600
2017-08-25,38.09183051950851,38.0011665614074,38.141937255859375,101920400
2017-08-28,38.20874052800844,38.158633795962274,38.52607345581055,103864000
2017-08-29,38.19919802124305,38.17533697935741,38.8696517944336,118067600
2017-08-30,39.082007314403526,38.79807762421603,38.974639892578125,109078400
2017-08-31,39.04382793657359,39.00565172369214,39.12972259521485,107140400
2017-09-01,39.32060187883834,39.041445135220926,39.14165496826172,66364400
2017-09-05,39.07007408510108,38.30895267003301,38.6716194152832,117874000
2017-09-06,38.82192749409826,38.29940206551977,38.63105010986328,86606800
2017-09-07,38.67400624396056,38.26123638104194,38.47597122192383,87714000
2017-09-08,38.380532749781125,37.82460392195237,37.84846496582031,114446000
2017-09-11,38.29463776863027,38.14909413989472,38.533233642578125,126323200
2017-09-12,38.7980779344803,37.88187058790634,38.38053512573242,286856000
2017-09-13,38.14432259271103,37.67667670151891,38.09183120727539,179629600
2017-09-14,37.93435828109213,37.71961981595085,37.76495361328125,95042800
2017-09-15,37.81029216760093,37.69815180452259,38.14671325683594,196458400
2017-09-18,38.20158800166218,37.69815052934545,37.858009338378906,113077600
2017-09-19,38.0584227396497,37.80312707319258,37.872318267822266,83242400
2017-09-20,37.67428283645279,36.70319963099276,37.23765563964844,211805600
2017-09-21,37.17323000380327,36.44551201449341,36.59821319580078,150046800
2017-09-22,36.15681591839161,35.922992989189446,36.240325927734375,186581600
2017-09-25,35.7869916169317,35.588956631384974,35.92060470581055,177549200
2017-09-26,36.21408366476718,36.19261090856672,36.53857421875,146640000
2017-09-27,36.696054333056914,36.63401706194393,36.79864883422852,102016800
2017-09-28,36.71752316837497,36.433593462831695,36.57197952270508,88022000
2017-09-29,36.55527281025208,36.26657022171777,36.77239227294922,105199200
2017-10-02,36.805796517885504,36.43836049074496,36.698429107666016,74795200
2017-10-03,36.74615507085723,36.72229766408467,36.85829544067383,64921200
2017-10-04,36.65549295849858,36.37633616438181,36.61970138549805,80655200
2017-10-05,36.78671771051569,36.75570271614932,37.07542037963867,85135200
2017-10-06,36.97519513115087,36.87736996956111,37.053932189941406,69630400
2017-10-09,37.17561982034456,37.09927103941689,37.18277740478516,65051600
2017-10-10,37.2352625386306,37.006212593584586,37.19708633422852,62468000
2017-10-11,37.21379825373126,37.161306870909286,37.3521842956543,67622400
2017-10-12,37.30446872719824,37.15653680025067,37.2209587097168,64500400
2017-10-13,37.39513132015228,37.31878253157098,37.45716857910156,65576800
2017-10-16,37.674290758499104,37.61464178412486,38.14671325683594,96486000
2017-10-17,38.12285146676275,37.99162299756372,38.28748321533203,75989200
2017-10-18,38.27555430884878,38.07990756161391,38.11808013916016,65496800
2017-10-19,37.39990638119289,36.98713650400103,37.2161865234375,170336800
2017-10-20,37.36649997643792,37.21141411459632,37.28060531616211,95896400
2017-10-23,37.43330205636924,37.10165397673829,37.261512756347656,87937200
2017-10-24,37.29014418290496,37.26867142994546,37.4834098815918,71028800
2017-10-25,37.43807692059742,37.04677985943867,37.31877899169922,84828400
2017-10-26,37.51442390137744,37.40705649865909,37.557373046875,68002000
2017-10-27,38.00593430252969,37.86516361383787,38.90305709838867,177816800
2017-10-30,39.10348256632582,39.06292169952238,39.77870941162109,178803200
2017-10-31,40.06024951173051,39.83119949018454,40.33224868774414,144187200
2017-11-01,40.530274228284334,39.51385725921376,39.81925964355469,134551200
2017-11-02,39.75007311204055,39.435124818380096,40.1103515625,165573600
2017-11-03,41.51568497367528,40.82852764357476,41.15779113769531,237594400
2017-11-06,41.126767442691296,40.9716815891371,41.5753288269043,140105200
2017-11-07,41.49421138700981,41.42024724489676,41.708946228027344,97446000
2017-11-08,41.67315088201078,41.594413816806735,42.05013275146485,97638000
2017-11-09,41.7805249942107,41.31049081596088,41.9642448425293,117930400
2017-11-10,41.9307195117532,41.72957936720277,41.82535934448242,100582000
2017-11-13,41.54519806648331,41.52125124585845,41.65774154663086,67928400
2017-11-14,41.43504735957133,40.989663538668665,41.027976989746094,99130000
2017-11-15,40.69992997083569,40.31919961170599,40.48681640625,116632400
2017-11-16,40.98966164632214,40.77894498266792,40.97050857543945,94550000
2017-11-17,40.95614795089789,40.620914324813455,40.74303436279297,87598000
2017-11-20,40.77655777028814,40.60175764033544,40.70232772827149,65049600
2017-11-21,40.89388894425906,40.89388894425906,41.45899963378906,100525200
2017-11-22,41.51167866433903,41.43744862861125,41.894805908203125,102355600
2017-11-24,41.92833167889939,41.82057462339817,41.89720153808594,56106800
2017-11-27,41.91635473203865,41.50688745547178,41.68647766113281,82867200
2017-11-28,41.73676861175869,41.15250116754723,41.44224166870117,105715200
2017-11-29,41.33688075644376,40.02706912577561,40.58259963989258,166665600
2017-11-30,40.81007339649992,40.333563093071966,41.15010070800781,166108800
2017-12-01,40.69514143022011,40.34793441673558,40.95854187011719,159037200
2017-12-04,41.300955537652406,40.61851497598457,40.65922164916992,130169600
2017-12-05,40.48202330928945,40.32398306310722,40.620906829833984,109400800
2017-12-06,40.10847341773683,39.85944330984738,40.47004699707031,114240000
2017-12-07,40.47484503943898,40.44611177428648,40.54428863525391,102693200
2017-12-08,40.82444585897804,40.42455878269171,40.55625534057617,93420800
2017-12-11,40.51555029693611,40.41737343940815,41.34645462036133,141095200
2017-12-12,41.22193108082341,41.0567111848204,41.11417770385742,77636800
2017-12-13,41.305744689915855,41.1860178937132,41.25067138671875,95273600
2017-12-14,41.28180076254248,41.10221055565131,41.23870086669922,81906000
2017-12-15,41.57632820254126,41.29616793933518,41.65774154663086,160677200
2017-12-18,41.87565068272404,41.87086058721657,42.244407653808594,117684400
2017-12-19,41.911568824271626,41.6864818260842,41.79423522949219,109745600
2017-12-20,41.87325057861781,41.48533690919344,41.74873733520508,93902400
2017-12-21,41.70563246934464,41.68887261754888,41.90677261352539,83799600
2017-12-22,41.82775248821754,41.78465259465249,41.90677261352539,65397600
2017-12-26,40.89867835013655,40.63048781560829,40.84360504150391,132742000
2017-12-27,40.73106130914281,40.63767454559013,40.85078811645508,85992800
2017-12-28,40.94656821739118,40.82205131437565,40.96572494506836,65920800
2017-12-29,40.83162897169797,40.52033856035927,40.52273178100586,103999600
2018-01-02,40.745421621684,40.52991120968488,41.24827194213867,102223600
2018-01-03,41.31292567160538,41.176439031605895,41.2410888671875,118071600
2018-01-04,41.31532556122149,41.205178943269466,41.43265914916992,89738400
2018-01-05,41.53083754051875,41.43745077238917,41.90438461303711,94640000
2018-01-08,41.74873733520507,41.64816360616643,41.74873733520508,82271200
2018-01-09,41.79662997868338,41.52365299883807,41.74394989013672,86336000
2018-01-10,41.46377970053466,41.42546625368392,41.73435974121094,95839600
2018-01-11,41.80619674478518,41.782253580715086,41.97142028808594,74670800
2018-01-12,42.186931106740815,42.06002099822469,42.40483474731445,101672400
2018-01-16,42.598794671233904,42.17735764373839,42.1893310546875,118263600
2018-01-17,42.17975166283674,41.92114498105546,42.88614273071289,137547200
2018-01-18,42.95079759620639,42.68261069261847,42.92445755004883,124773600
2018-01-19,42.76880384336746,42.4814602796441,42.732887268066406,129700400
2018-01-22,42.455129972697854,42.287513159913935,42.38329315185547,108434400
2018-01-23,42.45512450243002,42.34018779615509,42.39286422729492,130756400
2018-01-24,42.4431458099376,41.47335810863183,41.71760177612305,204420400
2018-01-25,41.78704495526337,40.834020683739965,40.972904205322266,166116000
2018-01-26,41.18602102351772,40.7214804343466,41.06868743896485,156572000
2018-01-29,40.74542124989516,40.0055105791244,40.21862411499024,202561600
2018-01-30,39.63675740033209,39.43801045740961,39.981571197509766,184192800
2018-01-31,39.9576233273613,39.86902665954717,40.09171676635742,129915600
2018-02-01,40.029462620508006,39.93128575596027,40.17552947998047,188923200
2018-02-02,39.74929923654717,38.336524399889576,38.43230438232422,346375200
2018-02-05,38.09706953682553,37.35476190917291,37.47209548950195,290954000
2018-02-06,37.074601472780095,36.87585454554304,39.03812026977539,272975200
2018-02-07,39.05249184685936,38.08989087987158,38.202430725097656,206434400
2018-02-08,38.38201745009156,37.12249277977499,37.15122604370117,217562000
2018-02-09,37.76432119030313,36.12218474890158,37.60563659667969,282690400
2018-02-12,38.1081346944674,37.87010780057618,39.12034606933594,243278000
2018-02-13,38.9376179178847,38.86548822091856,39.512245178222656,130196800
2018-02-14,39.19968749923148,39.16122150516921,40.24074935913086,162579600
2018-02-15,40.8225861992364,40.6326482152845,41.59196472167969,204588800
2018-02-16,41.44049298361973,41.2986402392815,41.45732116699219,160704400
2018-02-20,41.36596014904112,41.21448815593524,41.31787490844727,135722000
2018-02-21,41.55349969041272,41.115915515314455,41.13034439086914,149886400
2018-02-22,41.3058552391898,41.28421742988285,41.47415542602539,123967600
2018-02-23,41.75546264705352,41.72420558431703,42.19544982910156,135249600
2018-02-26,42.39981045871125,42.36615042253329,43.02973556518555,152648800
2018-02-27,43.06099997811278,42.83499526717254,42.89029312133789,155712400
2018-02-28,43.09945687703224,42.80853879080119,42.82536697387695,151128400
2018-03-01,42.926353710666966,41.51262836112375,42.075233459472656,195208000
2018-03-02,41.54628314783498,41.462131224088914,42.36614990234375,153816000
2018-03-05,42.12571753073041,41.95982033976881,42.51280975341797,113605600
2018-03-06,42.774891495811474,42.3469264962058,42.47675704956055,95154000
2018-03-07,42.060801615009,41.89971404399523,42.08243942260742,126814000
2018-03-08,42.19063487982294,42.092061415892005,42.54166412353516,95096400
2018-03-09,42.78690204438188,42.649855255070726,43.27256774902344,128740800
2018-03-12,43.34709754889519,43.32786638865494,43.690914154052734,128828400
2018-03-13,43.90008571210832,43.09464791065218,43.27016067504883,126774000
2018-03-14,43.35431492220504,42.750833614437255,42.902305603027344,117473600
2018-03-15,42.91673392121596,42.81335083295503,42.95279693603516,90975200
2018-03-16,42.95279507605946,42.705152601907656,42.80132675170898,157618800
2018-03-19,42.63302345812289,41.75304931229388,42.14735412597656,133787200
2018-03-20,42.1329345703125,42.060804870732575,42.1329345703125,78597600
2018-03-21,42.08484280307103,41.17601818855871,41.17842483520508,148219600
2018-03-22,40.87308103903268,40.5364806626494,40.596588134765625,165963200
2018-03-23,40.485984054846895,39.65650177001953,39.65650177001953,164115200
2018-03-26,40.40905417247593,40.01715227005078,41.5390739440918,150164800
2018-03-27,41.75785935631883,40.13255470540894,40.47396469116211,163690400
2018-03-28,40.21189211166046,39.71660721135281,40.02676010131836,166674000
2018-03-29,40.34654136945381,40.127749277601055,40.33932876586914,153594000
2018-04-02,40.06524022221787,39.54350775558917,40.07485580444336,150347200
2018-04-03,40.30566240357786,39.64207729719944,40.485984802246094,121112000
2018-04-04,39.64207799109782,39.61563055875013,41.26016998291016,138422000
2018-04-05,41.49338504534091,41.37317011717686,41.54627990722656,107732800
2018-04-06,41.10630175497701,40.44030988111975,40.48358917236328,140021200
2018-04-09,40.84422867950885,40.837016076692215,40.885101318359375,116070800
2018-04-10,41.59437250574946,41.2409402609065,41.65447998046875,113634400
2018-04-11,41.40923254294009,41.28180501438056,41.45972442626953,89726400
2018-04-12,41.692952612139415,41.6039910485283,41.868465423583984,91557200
2018-04-13,42.0223371700089,41.79873912640972,42.01031494140625,100497200
2018-04-16,42.08244297769496,42.03435773385783,42.27238464355469,86313600
2018-04-17,42.43346529430468,42.41423046617912,42.85421752929688,106421600
2018-04-18,42.7508325942647,42.52723458660422,42.7580451965332,83018000
2018-04-19,41.77709051484718,41.51261987408737,41.54627990722656,139235200
2018-04-20,41.01734282974273,39.7743170055169,39.84404373168945,261964400
2018-04-23,40.11091650152805,39.45213732306032,39.728633880615234,146062000
2018-04-24,39.83202420128958,38.7621117965264,39.17565155029297,134768000
2018-04-25,39.09870153892982,39.04821332423083,39.34634399414063,113528400
2018-04-26,39.459353980053045,39.2790315552083,39.4833984375,111852000
2018-04-27,39.43050511176931,38.62025749167846,39.02658462524414,142623200
2018-04-30,38.98089737417901,38.91117065496127,39.73344039916992,169709600
2018-05-01,40.009943075299006,39.73585311867403,40.656700134277344,214277600
2018-05-02,42.130530343854765,41.78671734786424,42.45270919799805,266157600
2018-05-03,42.28680355320289,41.94058397925842,42.52963638305664,136272800
2018-05-04,42.85662031023409,42.83738548219687,44.198219299316406,224805200
2018-05-07,44.52280369788794,44.41942060979777,44.51799774169922,169805600
2018-05-08,44.47713187329418,44.159762620417645,44.73198699951172,113611200
2018-05-09,44.8521960435456,44.53242385437984,45.04694366455078,92844800
2018-05-10,45.138306031779706,45.11666455485174,45.69129180908203,111957200
2018-05-11,45.73474060594572,45.242370249033776,45.51751708984375,104848800
2018-05-14,45.61888690754697,45.341327820552806,45.411319732666016,83115200
2018-05-15,45.08066050284207,44.67518250755819,44.99860000610352,94780800
2018-05-16,44.90930027635849,44.89240351803567,45.41856002807617,76732400
2018-05-17,45.375116905299954,44.97929156471528,45.13134765625,69176000
2018-05-18,45.17961946923196,44.92378162687405,44.96722412109375,73190800
2018-05-21,45.37512092852286,45.11204265382374,45.28582000732422,73603200
2018-05-22,45.46683822424112,45.08066550537111,45.17238235473633,60962800
2018-05-23,44.976883134923206,44.83447969106514,45.46200942993164,80233600
2018-05-24,45.56096358243692,44.94309022915844,45.411319732666016,92936000
2018-05-25,45.430629773035854,45.29064226279615,45.51510620117188,69844000
2018-05-29,45.27857469753178,45.10238143580961,45.35097885131836,90056400
2018-05-30,45.30753150719032,45.08065536211307,45.254432678222656,74762000
2018-05-31,45.18685526353443,44.92618927642823,45.10237884521485,109931200
2018-06-01,45.37271052397424,45.314783509519785,45.91576385498047,93770000
2018-06-04,46.25365635024846,46.18366443914751,46.29951477050781,105064800
2018-06-05,46.5987958870909,46.42743080353134,46.65671920776367,86264000
2018-06-06,46.73395530246841,46.32123322780257,46.81842803955078,83734400
2018-06-07,46.85704165542658,46.422598376137024,46.69292068481445,85388800
2018-06-08,46.14021996259753,45.80232161584441,46.26813888549805,106627200
2018-06-11,46.18366657920415,45.90851972771392,46.15470123291016,73234000
2018-06-12,46.19331163963381,46.13538463939186,46.40811920166016,67644400
2018-06-13,46.44190966042888,45.96402387110636,46.02677536010742,86553600
2018-06-14,46.23192867853228,45.91092346414435,46.05091094970703,86440400
2018-06-15,45.86506957045358,45.4378666571351,45.57785415649414,246876800
2018-06-18,45.34614381834228,45.182019181354576,45.5537109375,73939600
2018-06-19,44.68483409239393,44.27694017990101,44.81758117675781,134314000
2018-06-20,44.97688233160136,44.82723847428279,45.01308441162109,82514800
2018-06-21,45.19410095223857,44.63656683815307,44.7620735168457,102847600
2018-06-22,44.92136442372237,44.57863791984487,44.63173675537109,108801600
2018-06-25,44.26487422557876,43.62045144987465,43.9680061340332,126652400
2018-06-26,44.16591870997073,44.05730511383103,44.51346969604492,98276800
2018-06-27,44.70654944457182,44.4169218241143,44.44829940795898,101141200
2018-06-28,44.43382636499039,44.36141852648505,44.77172470092773,69460800
2018-06-29,44.962396554903016,44.14661235122131,44.67759704589844,90950800
2018-07-02,44.36625184641788,44.26970682293503,45.177207946777344,70925200
2018-07-03,45.32443131003927,44.29866401702829,44.390380859375,55819200
2018-07-05,44.71379546472144,44.4772666413555,44.74758529663086,66416800
2018-07-06,44.75241684141483,44.69931800400919,45.36787796020508,69940800
2018-07-09,45.73714819536278,45.68887753541358,45.9978141784668,79026400
2018-07-10,46.02919900795962,45.90127639888189,45.94231033325195,63756400
2018-07-11,45.495789589929394,45.28098203042483,45.34614944458008,75326000
2018-07-12,45.74439074825066,45.69129191498018,46.10642623901367,72164400
2018-07-13,46.11850138017041,46.07505520003973,46.17884063720703,50055600
2018-07-16,46.22469679934628,45.9592026082533,46.07746887207031,60172400
2018-07-17,45.79749561185274,45.66474851119722,46.207801818847656,62138000
2018-07-18,46.28745009467421,45.840938123997496,45.954376220703125,65573600
2018-07-19,45.7830120290478,45.7830120290478,46.31158447265625,81147200
2018-07-20,46.28744379447512,45.898858888671256,46.20538330078125,82704800
2018-07-23,46.02194646688064,45.751627831962224,46.24641036987305,63957600
2018-07-24,46.449146854509046,46.35260554230676,46.58189392089844,74791600
2018-07-25,46.59637334082518,46.44431728002903,47.02116394042969,66839600
2018-07-26,46.97047700802487,46.72912005380508,46.87393569946289,76304000
2018-07-27,47.06220041574316,45.881964891740544,46.094356536865234,96096000
2018-07-30,46.31640338397511,45.63336636562589,45.83610534667969,84118000
2018-07-31,45.93023422515184,45.69852990293148,45.92781829833984,157492000
2018-08-01,48.0614193983205,47.62214790144704,48.6334342956543,271742800
2018-08-02,48.41138646259443,48.35587538497455,50.05502700805664,249616000
2018-08-03,49.96813622003239,49.59403215739234,50.1998405456543,133789600
2018-08-06,50.20225649361549,49.97779624915994,50.46051025390625,101701600
2018-08-07,50.52085024954584,49.902973220793456,49.987449645996094,102349600
2018-08-08,49.73161255944839,49.36233662942422,50.021240234375,90102000
2018-08-09,50.57153053597357,50.00916829937483,50.414649963378906,93970400
2018-08-10,50.22330644870261,50.056185480516376,50.26448059082031,98444800
2018-08-13,50.69560132416625,50.30565363879016,50.58903121948242,103563600
2018-08-14,50.90148556024042,50.44129671889948,50.80218124389648,82992000
2018-08-15,50.67380791320813,50.45824698284401,50.92085647583008,115230400
2018-08-16,51.28658221144424,51.21876553888927,51.66684341430664,114001600
2018-08-17,51.69590907168461,51.62809239594836,52.69863128662109,141708000
2018-08-20,52.824574746008246,52.10038508876608,52.185157775878906,121150800
2018-08-21,52.50970785965217,51.83880327907341,52.08342742919922,104639200
2018-08-22,51.8557610342643,51.79278577088992,52.08585357666016,76072400
2018-08-23,51.988967259778285,51.97686004428358,52.192420959472656,75532800
2018-08-24,52.46127593446192,52.1003914140645,52.35470581054688,73905600
2018-08-27,52.594488616551935,52.39588366806889,52.785831451416016,82100400
2018-08-28,53.04497619633353,53.023178772832765,53.21209716796875,91107200
2018-08-29,53.321090705755566,53.14186250906056,54.00652694702149,109019200
2018-08-30,54.07192983574375,53.86605538831149,54.5030517578125,195175200
2018-08-31,54.86150396684273,54.73798153366814,55.132774353027344,173360400
2018-09-04,55.32169648415748,54.89057459531016,55.30958557128906,109560400
2018-09-05,55.46217767003144,54.52000625595444,54.94870376586914,133332000
2018-09-06,54.793689278435984,53.59962796064744,54.03559494018555,137160000
2018-09-07,53.73284109563146,53.45672928869956,53.59962844848633,150479200
2018-09-10,53.51485139568991,52.42978097738735,52.880279541015625,158066000
2018-09-11,52.80277596777196,52.45158168337605,54.217247009277344,142996000
2018-09-12,54.48124866248526,53.24600949786311,53.543922424316406,197114800
2018-09-13,54.13731626435786,53.90722372564051,54.837284088134766,166825600
2018-09-14,54.67742650385036,53.89511042854463,54.21481704711914,127997200
2018-09-17,53.80550369367884,52.62355317846587,52.771297454833984,148780400
2018-09-18,52.74948785154366,52.58721198321713,52.85848236083984,126286800
2018-09-19,52.9214565047988,52.14640616469863,52.88996887207031,108495200
2018-09-20,53.34289087203114,53.07888629429452,53.29202651977539,106435200
2018-09-21,53.4736836180336,52.62839214870439,52.71800994873047,384986800
2018-09-24,52.51455657445727,52.46853732521155,53.47610092163086,110773600
2018-09-25,53.22420853316471,53.2120976214284,53.815185546875,98217600
2018-09-26,53.52697215281356,53.22663848990891,53.38649368286133,95938800
2018-09-27,54.20997428472823,54.142153923244585,54.48366165161133,120724800
2018-09-28,54.44491443634548,54.258420432082,54.67501068115234,91717600
2018-10-01,55.2102804711578,54.8227571350259,55.04315948486328,94403200
2018-10-02,55.04074071495226,54.89057574030032,55.532413482666016,99152800
2018-10-03,55.718904580406736,55.65350861390389,56.20815658569336,114619200
2018-10-04,55.89571289995107,54.91478817067471,55.21996688842773,128168000
2018-10-05,55.21270437484702,53.42524159243403,54.32381439208984,134322000
2018-10-08,53.82003912358797,53.33320774355912,54.1978759765625,118655600
2018-10-09,54.1663875397596,53.82972484156067,54.94870376586914,107564000
2018-10-10,54.60720194758916,52.32806615852438,52.40314865112305,167962400
2018-10-11,51.9574848850004,51.42463803664699,51.940528869628906,212497600
2018-10-12,53.38649383170113,52.519404877619074,53.79581832885742,161351600
2018-10-15,53.56571766009549,52.62354635627239,52.64534378051758,123164000
2018-10-16,53.02560455206198,52.50002345931697,53.80550003051758,116736000
2018-10-17,53.84182877089152,53.12490491816615,53.57298278808594,91541600
2018-10-18,52.76644278994905,51.58933389686734,52.3207893371582,130325200
2018-10-19,52.81488332402249,52.66229396902001,53.117637634277344,132314800
2018-10-22,53.233904553449065,53.028033800086,53.44219970703125,115168400
2018-10-23,52.27477014507302,52.00107906871343,53.94597244262695,155071200
2018-10-24,53.91449331286464,51.96233026151994,52.09554290771485,163702000
2018-10-25,52.73011615832715,52.49759921388775,53.23632049560547,119423200
2018-10-26,52.29172342761336,51.50940731815655,52.38860702514648,189033600
2018-10-29,53.0885791856177,49.91571225002617,51.40526580810547,183742000
2018-10-30,51.14125531617863,50.68591535817188,51.66199493408203,146640000
2018-10-31,52.529097456696825,52.46612217999675,53.00865936279297,153435600
2018-11-01,53.05467178974508,52.51213467679665,53.82245635986328,233292800
2018-11-02,50.75374338232204,49.75586246459582,50.25238037109375,365314800
2018-11-05,49.48216721738986,47.99745883695044,48.8257942199707,264654800
2018-11-06,48.90572383303767,48.85001807018206,49.35380172729492,127531600
2018-11-07,49.88665144692129,49.440997927341016,50.85062026977539,133697600
2018-11-08,51.03533486095689,50.25028906179272,50.67319488525391,101450400
2018-11-09,49.95863318405099,49.15657217932551,49.69614028930664,137463200
2018-11-12,48.36665863793086,47.10037413425778,47.19273376464844,204542000
2018-11-13,46.575395018393095,46.53164435072399,46.721221923828125,187531600
2018-11-14,47.12711663533989,45.19001921948129,45.40147399902344,243204000
2018-11-15,45.78792292710321,45.42577919918245,46.52193069458008,185915200
2018-11-16,46.30074885781817,46.047979997161725,47.03718566894531,147713200
2018-11-19,46.17922501016172,44.96155309631513,45.17300415039063,167701200
2018-11-20,43.35256586035,42.65744690416317,43.01472854614258,271300800
2018-11-21,43.68311802105337,42.91022535614272,42.96612548828125,124496800
2018-11-23,42.51892076898263,41.82866366603433,41.87483978271485,94496000
2018-11-26,42.34878328838449,41.38144732975464,42.441139221191406,179994000
2018-11-27,41.68525260497489,41.53213455088456,42.348777770996094,165549600
2018-11-28,42.95397111109029,42.51648295993185,43.97720718383789,184250000
2018-11-29,44.39525502007775,43.189732417709,43.63937377929688,167080000
2018-11-30,43.81922117053243,43.0268842376498,43.40361022949219,158126000
2018-12-03,44.83273324678003,44.04282552831153,44.92023086547852,163210000
2018-12-04,43.979633670639046,42.84216825514636,42.94424819946289,165377200
2018-12-06,41.7460210727473,41.42033687882542,42.46544647216797,172393600
2018-12-07,42.16649081936492,40.90506835484917,40.95124816894531,169126400
2018-12-10,40.10300649416198,39.69711590377136,41.22103118896485,248104000
2018-12-11,41.72171979265384,40.58911252901912,40.98528289794922,189126800
2018-12-12,41.41547033254738,41.08006586435423,41.09951019287109,142510800
2018-12-13,41.43735210869818,41.20888585910826,41.54915237426758,127594400
2018-12-14,41.07520509415627,40.171064188293,40.21967315673828,162814800
2018-12-17,40.21238469170652,39.55129229239362,39.84538269042969,177151600
2018-12-18,40.19537116023612,39.95475175599436,40.363075256347656,135366000
2018-12-19,40.34605841169557,38.66659207810224,39.10408020019531,196189200
2018-12-20,38.98498327673314,37.74543798147914,38.11730194091797,259092000
2018-12-21,38.12459329402756,36.36735342690115,36.63470458984375,382978400
2018-12-24,36.00763546088023,35.62848037668255,35.68681335449219,148676800
2018-12-26,36.04410030034951,35.660083150643885,38.1999397277832,234330000
2018-12-27,37.87668191648382,36.47429457261734,37.9520263671875,212468400
2018-12-28,38.280150234566165,37.5631576861838,37.97147750854492,169165600
2018-12-31,38.5304848034521,38.03223455402927,38.338478088378906,140014000
2019-01-02,37.64579199775552,37.48537905515474,38.38222885131836,148158800
2019-01-03,34.99413354337193,34.51289839292835,34.559078216552734,365248800
2019-01-04,35.127800526909944,34.95037615467531,36.03437042236328,234428400
2019-01-07,36.14131864899585,35.46078196716281,35.95417022705078,219111200
2019-01-08,36.35033618099988,36.09756735113881,36.63956451416016,164101200
2019-01-09,36.77081305229335,36.36735528273668,37.26177215576172,180396400
2019-01-10,37.06490315381702,36.66630368791776,37.38086700439453,143122800
2019-01-11,37.157264075097416,36.82428503467414,37.01386260986328,108092800
2019-01-14,36.663879610230985,36.26770923986643,36.4572868347168,129756800
2019-01-15,36.52290496940503,36.46943399417085,37.20344161987305,114843600
2019-01-16,37.20586949579155,37.18642516831545,37.65793991088867,122278800
2019-01-17,37.47808077541312,37.24961457485973,37.88154220581055,119284800
2019-01-18,38.28014319782248,37.910708396482114,38.114871978759766,135004000
2019-01-22,38.01522719890971,37.0940710544967,37.25934600830078,121576000
2019-01-23,37.46593049007736,36.870462316232455,37.41003036499024,92522400
2019-01-24,37.45621715221234,36.88019319914323,37.11351776123047,101766000
2019-01-25,37.78918009481104,37.50724665073133,38.34333038330078,134142000
2019-01-28,37.86453391796042,37.34684300173058,37.98849105834961,104768400
2019-01-29,37.97634132313674,37.45621750072014,37.59475326538086,166348800
2019-01-30,39.67767171816458,38.94366413402884,40.16376876831055,244439200
2019-01-31,40.372800266966486,39.996074221623815,40.453006744384766,162958400
2019-02-01,40.57939222407274,40.32904877673795,40.472450256347656,130672400
2019-02-04,40.68875344575036,40.65715595152786,41.6220588684082,125982000
2019-02-05,42.01337581522724,41.88942238005575,42.33419799804688,144406400
2019-02-06,42.44842485107828,42.01094045810442,42.348777770996094,112958400
2019-02-07,41.90156739390461,41.40088798793825,41.54671859741211,126966800
2019-02-08,41.24892661297088,41.10979299842996,41.59553527832031,95280000
2019-02-11,41.75175692078519,41.312392474524856,41.356327056884766,83973600
2019-02-12,41.51987728368044,41.42223865673533,41.71270751953125,89134000
2019-02-13,41.83474605483662,41.47593207509791,41.53939437866211,89960800
2019-02-14,41.42468041292578,41.34412994538518,41.69073867797852,87342800
2019-02-15,41.80056877423358,41.434432405408174,41.59797286987305,98507200
2019-02-19,41.42467797400309,41.37097766547102,41.72246551513672,75891200
2019-02-20,41.78593128804428,41.73711384182731,41.990966796875,104457600
2019-02-21,41.93482480587452,41.56868839090681,41.75419616699219,68998800
2019-02-22,41.88113071017634,41.83231325918217,42.22041702270508,75652800
2019-02-25,42.51088111576246,42.45962037702223,42.5279655456543,87493600
2019-02-26,42.40104059618996,42.2692293973496,42.55237579345703,68280800
2019-02-27,42.27899686469628,42.16183052211012,42.68418502807617,111341600
2019-02-28,42.549940609855305,42.20821100965317,42.26435089111328,112861600
2019-03-01,42.54017571836412,42.20088940497055,42.70859909057617,103544800
2019-03-04,42.88433399403343,42.46449731696709,42.92338943481445,109744800
2019-03-05,42.94535404296142,42.60362454425558,42.84527587890625,78949600
2019-03-06,42.63536703657042,42.45718168072784,42.5987548828125,83241600
2019-03-07,42.440093421045205,41.98852738617325,42.105690002441406,99185600
2019-03-08,41.57357013816542,41.373413782239936,42.20576477050781,95997600
2019-03-11,42.83552599904425,42.80135341195997,43.66787338256836,128044000
2019-03-12,43.93637318724392,43.78259468923816,44.15849685668945,129870400
2019-03-13,44.48557104090869,44.16092966400925,44.353763580322266,124130000
2019-03-14,44.88831583811114,44.56123492003887,44.84682083129883,94318000
2019-03-15,45.12020968616518,44.84926860616983,45.43020248413086,156171600
2019-03-18,45.352099721061386,45.34965642783558,45.89398193359375,104879200
2019-03-19,45.97453605297879,45.38139305442997,45.53028869628906,126585600
2019-03-20,45.45705652199824,45.09092009743023,45.92815399169922,124140800
2019-03-21,46.38216223579991,46.3309014987502,47.61970138549805,204136800
2019-03-22,47.68072394690133,46.56766984192549,46.633575439453125,169630800
2019-03-25,46.74584651269916,45.54736303473869,46.06971740722656,175381200
2019-03-26,46.782471625545845,45.05430728013521,45.593746185302734,199202000
2019-03-27,46.07216749571107,45.53516814265429,46.00382232666016,119393600
2019-03-28,46.12098209712225,45.77437341130252,46.06484222412109,83121600
2019-03-29,46.335784436228415,46.02090503212037,46.36507415771485,94256000
2019-04-01,46.77759324148338,45.981858021821935,46.67995834350586,111448000
2019-04-02,46.64333594513177,46.63357394651126,47.358524322509766,91062800
2019-04-03,47.17057781501803,47.14616722931112,47.68317031860352,93087200
2019-04-04,47.546467371493954,47.14371885428897,47.766151428222656,76457200
2019-04-05,47.951663851496285,47.82473552132706,48.085914611816406,74106400
2019-04-08,47.94434886599881,47.924821141053485,48.84260559082031,103526800
2019-04-09,48.89630429942586,48.63024231473907,48.69614791870117,143072800
2019-04-10,48.49598735248733,48.373941879515066,48.96952438354492,86781200
2019-04-11,49.025668500042016,48.43740842022122,48.561893463134766,83603200
2019-04-12,48.62290884620996,47.89307940422032,48.5423583984375,111042800
2019-04-15,48.47157615379923,48.33244253928955,48.63023376464844,70146400
2019-04-16,48.68638112866892,48.46669704525368,48.6351203918457,102785600
2019-04-17,48.70590595114799,48.47890315809435,49.58219528198242,115627200
2019-04-18,49.57975495344986,49.43330261113519,49.76038360595703,96783200
2019-04-22,49.50896582449538,49.389359923021885,49.923919677734375,77758000
2019-04-23,49.8995151747942,49.770147258746334,50.64399337768555,93292000
2019-04-24,50.614701083055465,50.53903348217528,50.56588363647461,70162400
2019-04-25,50.48533253838215,50.06793536762272,50.10699081420898,74172800
2019-04-26,50.01423110439413,49.33565860288429,49.86777877807617,74596400
2019-04-29,49.8921863771194,49.76037890902439,49.94344711303711,88818800
2019-04-30,49.56510478720263,48.60094633648532,48.981727600097656,186139600
2019-05-01,51.22981022939928,51.07114887578142,51.38602828979492,259309200
2019-05-02,51.220040006817904,50.8026466010375,51.05161666870117,127985200
2019-05-03,51.47633805186372,51.31523713800086,51.686256408691406,83569600
2019-05-06,49.86534265081524,49.672512423200125,50.88808441162109,129772400
2019-05-07,50.25344444673369,49.02078444188378,49.51628875732422,155054800
2019-05-08,49.28195583009705,49.24534368148491,49.52604675292969,105358000
2019-05-09,48.91581993279106,48.002922256009775,48.99393081665039,139634400
2019-05-10,48.37401339885286,47.23462088978889,48.31520462036133,164834800
2019-05-13,45.99475782798745,44.80390735053937,45.50714492797852,229722400
2019-05-14,45.67621566607601,45.43118474086414,46.227535247802734,146118800
2019-05-15,45.64190738671528,45.58064966091425,46.78129959106445,106178800
2019-05-16,46.53381898118634,46.27163412428787,46.57547378540039,132125600
2019-05-17,45.80363238931427,45.76197757766116,46.310848236083984,131516400
2019-05-20,44.96808192971979,44.17418028914965,44.86271667480469,154449200
2019-05-21,45.38462682840287,45.25720970444609,45.72277069091797,113459200
2019-05-22,45.24741782258148,44.73040234912154,44.78675842285156,118994400
2019-05-23,44.05656293995156,43.56895003243012,44.02225875854492,146118800
2019-05-24,44.15457072895552,43.76742142938466,43.85318374633789,94858800
2019-05-28,43.84093550337322,43.59345559902432,43.6718635559082,111792800
2019-05-29,43.2283535763932,43.1254410407564,43.46358489990234,113924800
2019-05-30,43.60325211598641,43.28961283282266,43.68901443481445,84873600
2019-05-31,43.18180463313713,42.87796863843756,42.8975715637207,108174400
2019-06-03,43.02743915749887,41.721423659071895,42.4638671875,161584400
2019-06-04,42.9882239711276,42.76279597985259,44.01735305786133,123872000
2019-06-05,45.15429472499821,44.38489783539703,44.72793960571289,119093600
2019-06-06,44.86025849454153,44.63237780888752,45.38462448120117,90105200
2019-06-07,45.700719811161136,45.51939930630783,46.59263229370117,122737600
2019-06-10,46.99938588226949,46.95282940358804,47.18806076049805,104883600
2019-06-11,47.7467264762261,47.43798885490308,47.734474182128906,107731600
2019-06-12,47.523745098076894,47.38652838423875,47.58255386352539,73012800
2019-06-13,47.70752549199859,47.43799368877155,47.57275772094727,86698400
2019-06-14,46.93567698943585,46.62938831649366,47.22726440429688,75046000
2019-06-17,47.2664626918618,47.08759116820867,47.5090446472168,58676400
2019-06-18,48.0383233354967,47.83249821408841,48.62639617919922,106204000
2019-06-19,48.92777356684065,48.347051467974445,48.48426818847656,84496800
2019-06-20,49.09684998603944,48.523478463511296,48.87387466430664,86056000
2019-06-21,48.712150353301816,48.5528780031175,48.70724868774414,191202400
2019-06-24,48.64844175518428,48.557781502757166,48.65824508666992,72881600
2019-06-25,48.62148880394584,47.8520917833168,47.92070388793945,84281200
2019-06-26,48.459771315814805,48.35685876699314,48.95718383789063,104270000
2019-06-27,49.07724219723573,48.90082337145353,48.94247817993164,83598800
2019-06-28,48.68274315605064,48.28334528440458,48.49652099609375,124442400
2019-07-01,49.78293140609888,49.16545244281869,49.38598251342773,109012000
2019-07-02,49.35168241151713,49.33943011676966,49.67512130737305,67740800
2019-07-03,49.80989056707051,49.66532320578667,50.08677673339844,45448000
2019-07-05,49.8270427060489,49.71677579291896,50.042667388916016,69062000
2019-07-08,49.20465829133655,48.61658558074678,49.01108551025391,101354400
2019-07-09,48.8101666371328,48.71460471198846,49.31003189086914,82312000
2019-07-10,49.45949019996891,49.38842914298725,49.797630310058594,71588400
2019-07-11,49.81724526863337,49.42519796502579,49.43499755859375,80767200
2019-07-12,49.6065072335548,49.54524950574381,49.81478500366211,70380800
2019-07-15,50.00836917093617,49.98631728123053,50.282806396484375,67789600
2019-07-16,50.13087757018311,49.86379475115564,50.10882568359375,67467200
2019-07-17,49.99856635880275,49.80744251590544,49.82704544067383,56430000
2019-07-18,49.98631034533416,49.91280031763949,50.393062591552734,74162400
2019-07-19,50.42491397135704,49.58445966725405,49.64081573486328,83717200
2019-07-22,49.90054453706912,49.89074494553626,50.77530670166016,89111600
2019-07-23,51.07915107025565,50.792461582082005,51.17226028442383,73420800
2019-07-24,50.88556906350345,50.76305360746221,51.13059997558594,59966400
2019-07-25,51.18451358269149,50.65524584797494,50.7263069152832,55638400
2019-07-26,50.83901478695442,50.7557051705795,50.90272521972656,70475600
2019-07-29,51.07914419580579,51.07424253081176,51.37807846069336,86693600
2019-07-30,51.15266058989622,50.79736645451825,51.157562255859375,135742800
2019-07-31,53.02959120323575,51.77503409056512,52.20138549804688,277125600
2019-08-01,52.41211202726764,50.65769349048932,51.07179260253906,216071600
2019-08-02,50.3612101354199,49.40559093961281,49.99121475219727,163448400
2019-08-05,48.513682900846526,47.18806446115688,47.37428665161133,209572000
2019-08-06,48.10201952738692,47.54579828955324,48.27109146118164,143299200
2019-08-07,47.88149815340817,47.49189984579912,48.770957946777344,133457600
2019-08-08,49.05519266374015,48.85671820370183,49.846641540527344,108038000
2019-08-09,49.51213397580665,49.01774812732399,49.43588638305664,98478800
2019-08-12,49.098916480250445,48.98331407946203,49.31044387817383,89927600
2019-08-13,49.44326972924296,49.31044818126169,51.39866638183594,188874000
2019-08-14,49.96962351457339,49.82942342164992,49.868778228759766,146189600
2019-08-15,50.04341230261635,49.111214553745256,49.62035751342773,108909600
2019-08-16,50.24510191960066,50.13687807171815,50.7911376953125,110481600
2019-08-19,51.804501349810494,51.65938470945717,51.738094329833984,97654400
2019-08-20,51.868456071608776,51.7307179831434,51.74055480957031,107537200
2019-08-21,52.38743400387028,52.04554706357925,52.30134582519531,86141600
2019-08-22,52.43662360384574,51.83647590391948,52.25707244873047,89014800
2019-08-23,51.51180421728657,49.43834698835825,49.84172439575195,187272000
2019-08-26,50.63372000803007,50.43694972527395,50.78867721557617,104174400
2019-08-27,51.125642105962726,50.06062659897422,50.21558380126953,103493200
2019-08-28,50.20082753826654,50.00897754792562,50.55255126953125,63755200
2019-08-29,51.28306524594422,50.8304961704126,51.408504486083984,83962000
2019-08-30,51.69135606962301,50.96330716236764,51.34209060668945,84573600
2019-09-03,50.77391913803814,50.23034537735827,50.59436798095703,80092000
2019-09-04,51.25600376352013,50.99282646377816,51.45277404785156,76752400
2019-09-05,52.14392455083942,52.02340186468356,52.45875549316406,95654800
2019-09-06,52.64815036928601,52.269366906136845,52.45383834838867,77449200
2019-09-09,52.84245975196792,51.915185984903616,52.67766571044922,109237600
2019-09-10,52.60141113395884,52.0725945597434,53.29994201660156,127111600
2019-09-11,53.6369142674572,53.55328436766114,54.99462127685547,177158400
2019-09-12,55.2922357511558,54.81506906569381,54.87163925170898,128906800
2019-09-13,54.11161725725446,53.37865185617788,53.80416488647461,159053200
2019-09-16,53.55329154992192,53.51147847095656,54.08702850341797,84632400
2019-09-17,54.10178878813418,53.89517791072015,54.28379821777344,73274800
2019-09-18,54.372334125015705,53.97387706916929,54.792930603027344,101360000
2019-09-19,54.606004817733975,54.202627416769865,54.347747802734375,88242400
2019-09-20,54.451050761180575,53.48933875835258,53.55328750610352,221652400
2019-09-23,53.85335744830398,53.53360622653644,53.79678726196289,76662000
2019-09-24,54.36495898160906,53.42046617723003,53.54098510742188,124763200
2019-09-25,53.75498278531296,53.40817554886571,54.364967346191406,87613600
2019-09-26,54.11162398579779,53.82384898133397,54.08456802368164,75334000
2019-09-27,54.2444431318707,53.44260858022618,53.82139205932617,101408000
2019-09-30,54.33298789051298,54.30593192856044,55.08809280395508,103909600
2019-10-01,55.35865357085719,55.14466413894963,55.2405891418457,139223200
2019-10-02,54.86426124829162,53.60247549030647,53.85581970214844,138449200
2019-10-03,53.72545994358007,52.9137886167005,54.31331253051758,114426000
2019-10-04,55.49884500062192,55.06841165984101,55.83581161499024,138478800
2019-10-07,55.65380954596822,55.5480439595363,55.84811782836914,122306000
2019-10-08,55.54312452702517,55.17663990224193,55.19385528564453,111820000
2019-10-09,55.84073257446289,55.49884566694685,55.84073257446289,74770400
2019-10-10,56.062101301057496,55.90714783615366,56.593379974365234,113013600
2019-10-11,57.29682887849399,57.13941339881414,58.09866714477539,166795600
2019-10-14,57.77644657321165,57.71987638926315,58.01502990722656,96427600
2019-10-15,58.14293804465028,57.77153689703232,57.8797607421875,87360000
2019-10-16,57.40013335038988,57.35832027342648,57.646095275878906,73903200
2019-10-17,57.82318164747453,57.437023419567815,57.86991500854492,67585200
2019-10-18,57.70021274650792,57.62642341115154,58.14786529541016,97433600
2019-10-21,58.42087962494282,58.37168798875032,59.15630340576172,87247200
2019-10-22,59.31617634412406,58.937392893158325,59.02102279663086,82293600
2019-10-23,59.54738702172178,59.33093931409374,59.81302261352539,75828800
2019-10-24,60.14014643528584,59.47605001595697,59.91140365600586,69275200
2019-10-25,59.808102658012594,59.73923361917356,60.6492919921875,73477200
2019-10-28,60.855897733837466,60.683725140629626,61.25681686401367,96572800
2019-10-29,61.237146067752846,59.66299111273752,59.84008026123047,142839600
2019-10-30,60.20163788546962,59.32847607632368,59.83269500732422,124522000
2019-10-31,60.81162642383471,58.3569237611496,61.18548583984375,139162000
2019-11-01,61.37733746093615,61.28387448100171,62.92198181152344,151125200
2019-11-04,63.293376805427606,62.81375557092534,63.3351936340332,103272000
2019-11-05,63.2245128723603,63.044965462382486,63.24419403076172,79897600
2019-11-06,63.15564545022454,62.81130023099358,63.27124786376953,75864400
2019-11-07,63.83125623185671,63.67583378221645,64.00148010253906,94940400
2019-11-08,63.81891720604406,63.36498944370673,64.1766357421875,69986400
2019-11-11,63.72269991527532,63.71776861841117,64.6848373413086,81821200
2019-11-12,64.52446993964318,64.3690550518991,64.62561798095703,87388800
2019-11-13,64.4208642553593,64.40606283650453,65.24484252929688,102734400
2019-11-14,65.06722216183286,64.66016805973535,64.79338836669922,89182800
2019-11-15,65.04995408869127,64.88466905093165,65.56309509277344,100206400
2019-11-18,65.5729541360609,65.18564028405008,65.89366912841797,86703200
2019-11-19,66.09102398696369,65.4718112117908,65.69384002685547,76167200
2019-11-20,65.50881688121457,64.24077339422232,64.92906951904297,106234400
2019-11-21,65.0524248086129,64.43320443607152,64.63796997070312,121395200
2019-11-22,64.78104157851051,64.3493159821686,64.58121490478516,65325200
2019-11-25,64.81064547568337,64.76377180787466,65.71356964111328,84020400
2019-11-26,65.85420159926419,64.75885128382478,65.20044708251953,105207600
2019-11-27,65.51868760813095,65.45208121179549,66.07623291015625,65235600
2019-11-29,65.77031035162334,65.5976171068659,65.9306640625,46617600
2019-12-02,65.93559995464281,64.99321033773082,65.16836547851562,94487200
2019-12-03,63.725174275063374,63.22684221998775,64.00641632080078,114430400
2019-12-04,64.40606507180901,64.30984831721634,64.57135009765625,67181600
2019-12-05,65.07707338849647,64.81557167623399,65.51866149902344,74424400
2019-12-06,65.98741859365401,65.94300680462736,66.78425598144531,106075600
2019-12-09,66.60909987897926,65.35339589951928,65.8492660522461,128042400
2019-12-10,66.26371080649604,65.58774677602149,66.2341079711914,90420400
2019-12-11,66.31552638581846,66.2390498728049,66.79905700683594,78756800
2019-12-12,66.06143597836949,65.94795589696399,66.96929168701172,137310400
2019-12-13,66.96927562134155,66.83852473558687,67.87960052490234,133587600
2019-12-16,68.3359979148247,68.33106661808607,69.04155731201172,128186000
2019-12-17,68.97003391613327,68.78006978623715,69.17726135253906,114158400
2019-12-18,69.02675668031247,68.85900224491814,69.01195526123047,116028400
2019-12-19,68.95275793822702,68.81707573730554,69.08103942871094,98369200
2019-12-20,69.62624625603378,68.72085260994572,68.93795013427734,275978000
2019-12-23,69.20685378168497,69.16738081944806,70.06290435791016,98572000
2019-12-24,70.23313407717215,69.79647710064933,70.1295166015625,48478800
2019-12-26,70.26520057220507,70.23559773265711,71.52090454101562,93121200
2019-12-27,71.81940542751659,71.07930436988975,71.49375915527344,146266000
2019-12-30,71.4098810731377,70.3638740002225,71.91808319091797,144114400
2019-12-31,71.52583211751944,71.42468406852682,72.44355773925781,100805600
