,date,score,label
0,2020-02-07,0.26724,3
1,2020-02-08,0.1779,2
2,2020-02-06,0.1543214285714285,2
3,2020-02-05,0.1134555555555555,2
4,2020-02-03,0.24445,3
5,2020-02-04,0.37118,3
6,2020-02-02,-0.2243333333333333,1
7,2020-01-31,0.205441935483871,3
8,2020-01-30,0.1506352941176471,2
9,2020-02-01,0.0125666666666666,2
10,2020-01-28,0.39278,3
11,2020-01-29,-0.0215230769230769,2
12,2020-01-23,0.00375,2
13,2020-01-22,0.19274,3
14,2020-01-21,0.3264166666666666,3
15,2020-01-19,0.2689999999999999,3
16,2020-01-16,0.3455,3
17,2020-01-15,0.0211,2
18,2020-01-13,0.2210499999999999,3
19,2020-01-14,0.141290909090909,2
20,2020-01-10,0.155925,2
21,2020-01-08,0.2515,3
22,2020-01-06,0.1974166666666667,3
23,2020-01-03,0.1651,2
24,2020-01-27,-0.2578749999999999,1
25,2019-12-29,0.51485,3
26,2019-12-30,0.0004984899176515012,2
27,2020-01-01,0.5719,4
28,2020-01-24,0.28622,3
29,2019-12-26,0.4709,3
30,2019-12-27,0.1267499999999999,2
31,2019-12-25,0.6597,4
32,2019-12-23,-0.09165,2
33,2020-01-18,0.6607333333333333,4
34,2020-01-20,0.0986666666666666,2
35,2019-12-22,-0.2263,1
36,2020-01-17,-0.0255999999999999,2
37,2019-12-20,0.207425,3
38,2019-12-18,-0.0825,2
39,2019-12-17,0.1867428571428571,3
40,2019-12-16,0.12256,2
41,2019-12-15,0.11475,2
42,2019-12-12,0.1950333333333333,3
43,2020-01-11,-0.0122,2
44,2020-01-12,0.1779,2
45,2019-12-11,-0.1119999999999999,2
46,2019-12-09,-0.13455,2
47,2020-01-09,-0.0422,2
48,2020-01-07,-0.0146333333333333,2
49,2019-12-06,-0.0221666666666666,2
50,2020-01-05,0.399425,3
51,2019-12-04,-0.00646,2
52,2020-01-04,0.2854,3
53,2020-01-02,-0.16635,2
54,2019-12-02,0.2639499999999999,3
55,2019-11-29,0.1286199999999999,2
56,2019-12-21,0.4588,3
57,2019-11-26,-0.1391,2
58,2019-11-25,0.1193666666666666,2
59,2019-11-24,0.2666,3
60,2019-12-10,0.3488,3
61,2019-11-20,0.3286,3
62,2019-11-21,-0.30235,1
63,2019-11-19,0.3522999999999999,3
64,2019-12-07,-0.8442,0
65,2019-11-18,0.2587,3
66,2019-12-03,0.234975,3
67,2019-11-15,0.39515,3
68,2019-11-17,0.008971291993209543,2
69,2019-12-01,-0.7269,0
70,2019-11-13,0.270125,3
71,2019-11-14,0.04176,2
72,2019-11-30,-0.009095964705537867,2
73,2019-11-12,-0.2235,1
74,2019-11-27,-0.5106,1
75,2019-11-28,0.0526,2
76,2019-11-08,0.1860333333333333,3
77,2019-11-10,0.2023,3
78,2019-11-07,0.4688,3
79,2019-11-23,0.124,2
80,2019-11-22,-0.0021999413781083788,2
81,2019-11-06,0.132992,2
82,2019-11-11,0.1779,2
83,2019-11-09,-0.128,2
84,2019-11-02,-0.8225,0
85,2019-11-05,0.3818,3
86,2019-10-29,0.3268999999999999,3
87,2019-10-30,0.1901,3
88,2019-11-01,0.1779,2
89,2019-10-28,0.1956,3
90,2019-10-27,0.3522999999999999,3
91,2019-10-25,0.23212,3
92,2019-10-26,0.1779,2
93,2019-10-24,-0.03366,2
94,2019-10-22,0.2111666666666666,3
95,2019-10-23,0.22005,3
96,2019-10-16,0.243525,3
97,2019-10-17,0.4046999999999999,3
98,2019-10-14,0.1901,3
99,2019-10-09,0.1976,3
100,2019-10-10,0.2176666666666666,3
101,2019-10-11,-0.25,1
102,2019-10-08,0.1150083333333333,2
103,2019-10-06,0.3818,3
104,2019-10-07,0.1333099999999999,2
105,2019-10-03,-0.3291,1
106,2019-10-04,0.5267,3
107,2019-10-05,-0.5106,1
108,2019-10-02,-0.0703199999999999,2
109,2019-10-01,-0.12965,2
110,2019-09-27,0.5022500000000001,3
111,2019-09-29,-0.5574,0
112,2019-09-30,0.002780400583106184,2
113,2019-09-25,0.1009333333333333,2
114,2019-09-26,0.2914333333333334,3
115,2019-09-24,0.3382,3
116,2019-09-23,0.1834722222222222,3
117,2019-09-22,0.4207000000000001,3
118,2019-09-20,0.2328,3
119,2019-09-19,0.0597749999999999,2
120,2019-09-18,0.4036,3
121,2019-09-14,0.8176,4
122,2019-09-16,0.4215,3
123,2019-09-17,-0.204,1
124,2019-09-12,-0.5462666666666667,1
125,2019-09-13,0.1700666666666666,2
126,2019-10-21,0.1779,2
127,2019-09-10,0.33065,3
128,2019-09-11,-0.1969714285714285,1
129,2019-09-08,0.0746,2
130,2019-09-09,0.008840488568498561,2
131,2019-09-06,0.0160222222222222,2
132,2019-09-07,-0.1743999999999999,2
133,2019-09-05,0.284662962962963,3
134,2019-10-15,-0.0011852077243577708,2
135,2019-09-04,0.1161666666666666,2
136,2019-10-13,0.765,4
137,2019-08-31,0.0275999999999999,2
138,2019-09-01,-0.00608473889689301,2
139,2019-09-02,0.0366666666666666,2
140,2019-09-03,0.3522999999999999,3
141,2019-08-30,0.08068,2
142,2019-08-29,0.35476,3
143,2019-08-28,0.47682,3
144,2019-08-26,-0.2421666666666666,1
145,2019-08-27,0.104375,2
146,2019-08-25,-0.2689,1
147,2019-08-23,-0.0077423076923077,2
148,2019-08-24,-0.2487666666666666,1
149,2019-08-22,0.0860923076923076,2
150,2019-08-21,-0.0229833333333333,2
151,2019-08-20,0.5719,4
152,2019-08-16,0.0631499999999999,2
153,2019-08-19,-0.008279965481417548,2
154,2019-08-15,0.1894875,3
155,2019-08-14,-0.14845,2
156,2019-08-12,0.2956,3
157,2019-08-13,0.07685,2
158,2019-08-07,0.19542,3
159,2019-08-08,0.1314391304347826,2
160,2019-08-10,-0.1027,2
161,2019-08-06,0.0428999999999999,2
162,2019-08-03,0.0019339287153958141,2
163,2019-08-05,0.1779,2
164,2019-08-02,0.181425,2
165,2019-08-01,0.0192,2
166,2019-07-31,-0.1494,2
167,2019-07-29,-0.2943666666666666,1
168,2019-07-27,-0.0012646551158969443,2
169,2019-07-24,0.3587,3
170,2019-07-23,0.5194,3
171,2019-07-20,0.4215,3
172,2019-07-21,0.12695,2
173,2019-07-22,-0.1743999999999999,2
174,2019-07-19,-0.08828,2
175,2019-07-17,0.35136,3
176,2019-07-18,0.2415,3
177,2019-07-16,0.4541666666666666,3
178,2019-07-15,0.2755833333333333,3
179,2019-07-11,-0.1031833333333333,2
180,2019-07-12,0.00195,2
181,2019-07-13,0.41415,3
182,2019-07-14,0.32735,3
183,2019-07-10,0.262,3
184,2019-07-09,0.6705,4
185,2019-07-03,0.3522999999999999,3
186,2019-06-30,0.37635,3
187,2019-07-02,0.181425,2
188,2019-06-27,0.0987399999999999,2
189,2019-06-28,0.0623999999999999,2
190,2019-06-25,0.02654,2
191,2019-06-26,0.18145,2
192,2019-06-24,-0.090025,2
193,2019-06-21,0.3601,3
194,2019-06-23,-0.003924972647242886,2
195,2019-06-19,0.004037445746620361,2
196,2019-06-20,0.1655,2
197,2019-06-18,0.582925,4
198,2019-06-14,0.5267,3
199,2019-06-15,-0.296,1
200,2019-06-16,-0.006739746048168897,2
201,2019-06-17,0.1779,2
202,2019-06-12,0.4336333333333333,3
203,2019-06-13,0.1601,2
204,2019-06-11,0.29295,3
205,2019-06-07,-0.04765,2
206,2019-06-10,0.3634666666666666,3
207,2019-06-06,0.29462,3
208,2019-06-05,0.1174444444444444,2
209,2019-06-04,0.18815625,3
210,2019-06-03,0.2176666666666666,3
211,2019-05-31,-0.46655,1
212,2019-06-01,0.5574,4
213,2019-06-02,0.1779,2
214,2019-05-30,0.3598333333333333,3
215,2019-05-28,0.0593,2
216,2019-05-29,0.1779,2
217,2019-05-27,-0.875,0
218,2019-05-23,0.2665615384615384,3
219,2019-05-24,0.43745,3
220,2019-05-20,-0.2263,1
221,2019-05-21,-0.1379,2
222,2019-05-22,0.3262142857142857,3
223,2019-05-17,0.2783333333333332,3
224,2019-05-19,-0.4019,1
225,2019-05-16,0.291975,3
226,2019-05-15,0.31805,3
227,2019-05-13,0.2671374999999999,3
228,2019-05-14,0.1289,2
229,2019-05-09,-0.1014666666666666,2
230,2019-05-10,-0.4215,1
231,2019-05-08,0.5859,4
232,2019-05-04,0.1779,2
233,2019-05-05,-0.1119999999999999,2
234,2019-05-06,0.4074,3
235,2019-05-03,0.2464999999999999,3
236,2019-05-02,0.3226,3
237,2019-05-01,0.114125,2
238,2019-04-29,-0.2280399999999999,1
239,2019-04-30,0.4026666666666667,3
240,2019-04-26,-0.3487249999999999,1
241,2019-04-25,0.1779,2
242,2019-08-18,0.6369,4
243,2019-04-23,0.415075,3
244,2019-04-24,-0.0005421541300906152,2
245,2019-04-22,0.1860333333333333,3
246,2019-04-18,0.0162333333333333,2
247,2019-04-16,0.3259499999999999,3
248,2019-04-17,0.0721333333333333,2
249,2019-08-09,0.1342142857142857,2
250,2019-04-15,0.3581333333333333,3
251,2019-04-11,0.1041833333333333,2
252,2019-04-12,0.4939,3
253,2019-04-13,0.3818,3
254,2019-04-09,0.2603,3
255,2019-04-10,0.1779,2
256,2019-04-07,0.4767,3
257,2019-04-08,0.07605,2
258,2019-04-04,0.1117799999999999,2
259,2019-04-03,0.213925,3
260,2019-04-01,0.3612,3
261,2019-04-02,0.15156,2
262,2019-03-28,-0.03605,2
263,2019-03-29,0.1779,2
264,2019-03-30,0.6908,4
265,2019-03-31,-0.004500723693695121,2
266,2019-03-26,0.2869,3
267,2019-03-27,0.52565,3
268,2019-03-25,-0.34,1
269,2019-03-21,-0.1119999999999999,2
270,2019-03-22,0.15295,2
271,2019-03-20,0.2214666666666666,3
272,2019-03-16,-0.0129,2
273,2019-03-18,-0.004928550726910508,2
274,2019-03-19,0.3724333333333334,3
275,2019-03-13,-0.6124,0
276,2019-03-14,-0.55455,0
277,2019-08-04,0.001982771059079409,2
278,2019-03-11,-0.26136,1
279,2019-03-12,0.4767,3
280,2019-03-07,0.0117999999999999,2
281,2019-03-08,0.128,2
282,2019-07-30,-0.2263,1
283,2019-03-06,0.41254,3
284,2019-03-05,0.3921599999999999,3
285,2019-03-03,-0.009092489408173777,2
286,2019-03-04,-0.00792720805646619,2
287,2019-03-01,-0.3506,1
288,2019-07-25,0.1874,3
289,2019-03-02,0.009338611536253356,2
290,2019-02-27,0.47122,3
291,2019-02-28,-0.34,1
292,2019-02-25,-0.08105,2
293,2019-02-26,-0.09035,2
294,2019-02-22,0.308325,3
295,2019-02-24,0.0123999999999999,2
296,2019-02-20,-0.3056,1
297,2019-02-21,0.1869666666666666,3
298,2019-02-19,0.2491499999999999,3
299,2019-02-15,0.017475,2
300,2019-02-16,-0.802,0
301,2019-02-14,0.1011,2
302,2019-02-13,0.1957,3
303,2019-02-12,-0.2448666666666666,1
304,2019-02-11,0.20196,3
305,2019-02-08,0.1778,2
306,2019-02-09,0.004212513627857258,2
307,2019-02-10,-0.4019,1
308,2019-02-07,0.1271272727272727,2
309,2019-02-06,0.0751666666666666,2
310,2019-02-05,-0.50485,1
311,2019-02-04,0.4497400000000001,3
312,2019-02-01,-0.0424399999999999,2
313,2019-01-31,0.0303875,2
314,2019-01-29,-0.33145,1
315,2019-01-30,0.34425,3
316,2019-01-28,0.234404,3
317,2019-01-23,0.0376,2
318,2019-01-24,0.5155666666666666,3
319,2019-01-25,0.4588,3
320,2019-01-22,-0.02172,2
321,2019-01-20,0.8442,4
322,2019-01-21,0.3645,3
323,2019-01-17,0.2925999999999999,3
324,2019-01-18,-0.004084513932292069,2
325,2019-01-16,0.2647666666666666,3
326,2019-01-15,0.5126333333333334,3
327,2019-01-11,0.1901,3
328,2019-01-12,0.6705,4
329,2019-01-13,0.004317619490086648,2
330,2019-01-14,0.4019,3
331,2019-01-10,0.1253833333333333,2
332,2019-01-09,0.6249,4
333,2019-01-07,0.2430090909090908,3
334,2019-01-08,0.28047,3
335,2019-07-01,0.2023,3
336,2019-01-04,0.1779,2
337,2019-01-02,0.27634,3
338,2019-01-03,0.36105,3
339,2018-12-29,0.003980673827399754,2
340,2018-12-30,0.2208333333333333,3
341,2018-12-31,0.1779,2
342,2018-12-27,0.2184833333333333,3
343,2018-12-28,-0.1469,2
344,2018-12-26,0.0617333333333333,2
345,2018-12-24,0.1779,2
346,2018-12-20,-0.25,1
347,2018-12-21,0.3441749999999999,3
348,2018-12-18,0.26097,3
349,2018-12-19,0.24665,3
350,2018-12-17,0.05706,2
351,2018-12-14,0.1779,2
352,2018-12-13,-0.0094666666666666,2
353,2018-12-12,0.2049833333333333,3
354,2018-12-11,0.3071,3
355,2018-12-07,0.35402,3
356,2018-12-10,0.1944333333333333,3
357,2018-12-06,0.3224777777777777,3
358,2018-12-05,0.354975,3
359,2018-12-04,0.25996,3
360,2018-12-03,0.038725,2
361,2018-12-02,0.2082333333333333,3
362,2018-11-29,0.1779,2
363,2018-11-28,0.1779,2
364,2018-11-27,0.2044,3
365,2018-11-26,0.23734,3
366,2018-11-22,0.1295333333333333,2
367,2018-11-23,0.0516,2
368,2018-11-21,0.2364833333333333,3
369,2018-11-20,0.41325,3
370,2018-11-19,0.26955,3
371,2018-11-16,-0.4893,1
372,2018-11-15,0.2537210526315789,3
373,2018-11-14,0.2902466666666666,3
374,2018-11-13,0.1048916666666666,2
375,2018-11-12,0.21766,3
376,2018-11-09,0.0843666666666666,2
377,2018-11-11,-0.008410256151990115,2
378,2018-11-08,0.3359,3
379,2018-11-07,-0.00982,2
380,2018-11-05,0.3522999999999999,3
381,2018-11-06,0.30235,3
382,2018-11-02,0.7184,4
383,2018-11-03,0.4019,3
384,2018-11-04,-0.1969999999999999,1
385,2018-10-31,0.2688875,3
386,2018-11-01,0.242816,3
387,2018-10-30,0.07976,2
388,2018-10-29,0.1779,2
389,2018-10-28,0.18015,2
390,2018-10-26,-0.164875,2
391,2018-10-27,0.2263,3
392,2018-10-25,0.201475,3
393,2018-10-24,0.2019333333333333,3
394,2018-10-23,-0.0222285714285714,2
395,2018-10-19,0.005088266335670455,2
396,2018-10-18,-0.1119999999999999,2
397,2018-10-17,0.1751666666666666,2
398,2019-05-07,0.6249,4
399,2018-10-16,-0.0147999999999999,2
400,2018-10-15,-0.0085999999999999,2
401,2018-10-12,0.1874499999999999,3
402,2018-10-11,0.09265,2
403,2018-10-10,0.3769999999999999,3
404,2018-10-09,0.6210333333333333,4
405,2018-10-08,-0.04765,2
406,2019-04-28,0.0034205095797762786,2
407,2018-10-05,-0.3383,1
408,2018-10-06,-0.005444759951086366,2
409,2018-10-04,0.3879249999999999,3
410,2018-10-03,-0.0378999999999999,2
411,2018-10-02,0.3577249999999999,3
412,2018-09-28,-0.34,1
413,2018-09-29,-0.00724389175112935,2
414,2018-10-01,-0.0064256589194638175,2
415,2018-09-25,-0.158,2
416,2018-09-26,0.1779,2
417,2019-04-21,-0.11905,2
418,2018-09-24,0.1779,2
419,2018-09-23,0.00868595610808698,2
420,2018-09-20,0.5267,3
421,2018-09-21,-0.2167,1
422,2018-09-19,0.0587333333333333,2
423,2018-09-17,0.1779,2
424,2018-09-13,0.233375,3
425,2018-09-12,0.3812666666666666,3
426,2018-09-07,0.6124,4
427,2018-09-10,0.006144696062335615,2
428,2018-09-11,-0.0516,2
429,2018-09-05,0.1779,2
430,2018-09-04,0.0431666666666666,2
431,2018-08-31,-0.006544689283580825,2
432,2018-09-03,0.2267499999999999,3
433,2018-08-30,0.0918333333333333,2
434,2018-08-29,0.1306666666666666,2
435,2018-08-28,-0.0749666666666666,2
436,2018-08-24,0.5095000000000001,3
437,2018-08-25,0.4215,3
438,2018-08-23,-0.2732,1
439,2018-08-22,0.1779,2
440,2018-08-21,-0.0007702192909371087,2
441,2018-08-17,0.0516,2
442,2018-08-16,-0.07086,2
443,2018-08-15,0.1368,2
444,2018-08-14,0.1779,2
445,2018-08-12,0.5106,3
446,2018-08-13,0.0925749999999999,2
447,2019-03-17,0.0724499999999999,2
448,2018-08-08,0.20028,3
449,2018-08-09,0.1779,2
450,2018-08-06,-0.4939,1
451,2018-08-07,-0.008349472737659394,2
452,2018-08-03,0.14365,2
453,2018-08-01,0.3698,3
454,2018-08-02,0.27915,3
455,2018-07-31,0.62595,4
456,2018-07-30,-0.5859,0
457,2018-07-27,0.4061,3
458,2018-07-28,-0.128,2
459,2018-07-26,0.08312,2
460,2018-07-25,0.34425,3
461,2018-07-24,0.1779,2
462,2018-07-22,-0.5267,1
463,2018-07-23,0.1779,2
464,2018-07-19,0.5719,4
465,2018-07-20,-0.2732,1
466,2018-07-18,-0.0365499999999999,2
467,2018-07-17,0.43035,3
468,2018-07-16,0.0237999999999999,2
469,2018-07-13,0.0743666666666666,2
470,2018-07-15,-0.0468499999999999,2
471,2018-07-11,0.6739,4
472,2018-07-12,0.4748,3
473,2018-07-10,0.1884249999999999,3
474,2018-07-05,0.0827499999999999,2
475,2018-07-09,0.1779,2
476,2018-07-04,-0.006163719329102084,2
477,2018-06-29,0.1877714285714285,3
478,2018-07-03,0.1438666666666666,2
479,2018-06-28,0.2413866666666666,3
480,2018-06-26,-0.13125,2
481,2018-06-27,0.1482333333333333,2
482,2018-06-25,0.035525,2
483,2018-06-22,0.030725,2
484,2018-06-24,-0.296,1
485,2019-02-18,0.5106,3
486,2018-06-21,0.3580714285714285,3
487,2019-02-17,0.0032033477875837457,2
488,2018-06-20,-0.1822,2
489,2018-06-18,0.0621857142857142,2
490,2018-06-19,0.3286666666666666,3
491,2018-06-14,0.4518384615384616,3
492,2018-06-12,-0.008289193988321581,2
493,2018-06-13,-0.1078,2
494,2018-06-07,0.0397571428571428,2
495,2018-06-08,0.1531,2
496,2018-06-06,0.1867874999999999,3
497,2018-06-04,0.13715,2
498,2019-02-03,0.765,4
499,2018-05-31,0.22735,3
500,2018-05-28,0.06315,2
501,2018-05-29,0.05165,2
502,2018-05-30,-0.0018,2
503,2018-05-24,0.21371,3
504,2018-05-25,-0.2785999999999999,1
505,2018-05-23,0.3209714285714286,3
506,2018-05-18,0.1779,2
507,2018-05-21,-0.05325,2
508,2018-05-22,0.068025,2
509,2018-05-17,0.1212,2
510,2018-05-16,0.26004,3
511,2018-05-15,0.1442,2
512,2018-05-10,-0.1179833333333333,2
513,2018-05-11,-0.0204333333333333,2
514,2018-05-14,-0.30405,1
515,2018-05-08,-0.0332999999999999,2
516,2018-05-09,0.118365,2
517,2018-05-07,0.074475,2
518,2018-05-05,-0.25,1
519,2018-05-06,0.1779,2
520,2018-05-03,0.1612166666666666,2
521,2018-05-02,-0.04698,2
522,2018-05-01,0.4124352941176471,3
523,2018-04-30,0.0689692307692307,2
524,2018-04-27,0.1599,2
525,2018-04-28,-0.1187,2
526,2018-04-29,-0.1531,2
527,2018-04-26,0.3255222222222222,3
528,2018-04-25,0.0224999999999999,2
529,2018-04-24,0.1342999999999999,2
530,2018-04-23,0.0464333333333333,2
531,2018-04-22,-0.7096,0
532,2018-04-19,0.3163928571428572,3
533,2018-04-20,0.2550800000000001,3
534,2018-04-17,0.4019,3
535,2018-04-18,0.1779,2
536,2018-04-16,0.0865666666666666,2
537,2018-04-13,0.1551749999999999,2
538,2018-04-15,0.1779,2
539,2018-04-12,0.1339666666666666,2
540,2018-04-10,0.1892333333333333,3
541,2018-04-11,-0.2065666666666666,1
542,2018-04-05,-0.0216599999999999,2
543,2018-04-06,0.41325,3
544,2018-04-07,0.005309810138289477,2
545,2018-04-04,0.1736636363636363,2
546,2018-04-03,0.2586974358974359,3
547,2018-04-02,0.06315,2
548,2018-03-31,-0.296,1
549,2018-03-29,0.1422428571428571,2
550,2018-03-30,0.353,3
551,2018-03-28,-0.0239399999999999,2
552,2018-03-27,0.06998,2
553,2018-03-26,0.31365,3
554,2018-03-23,0.1779,2
555,2018-03-25,-0.4215,1
556,2018-03-22,-0.0517249999999999,2
557,2018-03-21,0.1917999999999999,3
558,2018-03-20,0.1908555555555555,3
559,2018-03-19,0.2920333333333333,3
560,2019-01-06,0.128,2
561,2018-03-15,0.1355444444444444,2
562,2018-03-16,0.15295,2
563,2018-03-14,0.067175,2
564,2018-03-13,0.0335166666666666,2
565,2018-03-09,0.4798,3
566,2018-03-11,0.5106,3
567,2018-03-12,0.6597,4
568,2018-12-23,0.009323759843216727,2
569,2018-12-25,-0.6249,0
570,2018-03-08,0.1237333333333333,2
571,2018-03-07,0.07596,2
572,2018-03-05,0.2304541666666667,3
573,2018-03-06,0.1115222222222222,2
574,2018-03-04,0.1779,2
575,2018-03-01,0.4811999999999999,3
576,2018-03-02,-0.0621666666666666,2
577,2018-02-28,0.1010363636363636,2
578,2018-02-27,0.2034259259259259,3
579,2018-02-26,0.195925,3
580,2018-02-25,-0.0038029187114483175,2
581,2018-12-16,0.25895,3
582,2018-02-21,0.1778833333333333,2
583,2018-02-22,0.3359,3
584,2018-12-15,0.006975738204019495,2
585,2018-02-20,-0.0183333333333333,2
586,2018-02-15,0.2077916666666666,3
587,2018-02-16,-0.06485,2
588,2018-02-19,-0.34,1
589,2018-02-14,0.4780999999999999,3
590,2018-02-13,0.2413,3
591,2018-02-12,0.1724,2
592,2018-02-09,0.27305,3
593,2018-02-08,0.3047666666666667,3
594,2018-02-07,0.1779,2
595,2018-02-05,0.2622,3
596,2018-02-06,0.1779,2
597,2018-02-02,0.1836666666666666,3
598,2018-02-01,0.4373818181818182,3
599,2018-01-31,0.3262555555555556,3
600,2018-01-30,0.2891666666666667,3
601,2018-01-27,0.007415775204875512,2
602,2018-01-29,0.2255333333333333,3
603,2018-01-26,0.2172666666666666,3
604,2018-01-25,0.3748692307692308,3
605,2018-11-30,0.3612,3
606,2018-01-24,-0.0501999999999999,2
607,2018-01-23,0.345425,3
608,2018-01-21,-0.34,1
609,2018-01-22,0.3630000000000001,3
610,2018-01-19,0.15092,2
611,2018-01-18,-0.0888,2
612,2018-01-17,0.1180333333333333,2
613,2018-01-16,0.1622142857142857,2
614,2018-01-10,0.425840909090909,3
615,2018-01-11,-0.0409199999999999,2
616,2018-01-12,0.4755,3
617,2018-01-15,0.2668,3
618,2018-01-09,-0.2023,1
619,2018-01-08,0.7845,4
620,2018-01-05,0.1628999999999999,2
621,2018-01-04,0.0529333333333333,2
622,2018-01-02,0.0771,2
623,2017-12-29,0.3362333333333334,3
624,2018-01-01,-0.9136,0
625,2017-12-26,0.3041826086956522,3
626,2017-12-27,0.34892,3
627,2017-12-21,-0.1434,2
628,2017-12-22,0.5445500000000001,3
629,2017-12-19,0.3143999999999999,3
630,2017-12-20,0.56555,4
631,2017-12-18,0.2517222222222222,3
632,2017-12-15,0.0158624999999999,2
633,2017-12-13,0.1229,2
634,2017-12-11,-0.128,2
635,2017-12-12,0.2732,3
636,2017-12-07,0.2976933333333333,3
637,2017-12-08,0.5423,3
638,2017-12-10,0.0955333333333333,2
639,2017-12-05,0.46825,3
640,2017-12-06,0.2993875,3
641,2017-12-04,-0.0259666666666666,2
642,2017-12-02,0.4588,3
643,2017-12-03,0.5563,4
644,2017-11-30,0.4669,3
645,2017-12-01,0.0052287771383775295,2
646,2017-11-29,0.239,3
647,2017-11-28,0.1826,3
648,2017-11-27,-0.35175,1
649,2017-11-26,0.3271666666666666,3
650,2017-11-24,0.3302666666666666,3
651,2017-11-22,0.2497428571428571,3
652,2017-11-23,0.11762,2
653,2017-11-21,0.1927705882352941,3
654,2017-11-20,0.4089285714285714,3
655,2017-11-17,0.25075,3
656,2017-11-19,0.2445625,3
657,2017-11-16,0.39362,3
658,2017-11-15,0.2584399999999999,3
659,2017-11-14,-0.03515,2
660,2017-11-13,0.31835,3
661,2017-11-10,0.101425,2
662,2017-11-12,0.4074,3
663,2017-11-09,0.1779,2
664,2017-11-08,0.1712125,2
665,2017-11-06,0.3193999999999999,3
666,2017-11-07,0.1488774193548387,2
667,2017-11-03,0.4588,3
668,2017-11-04,0.1779,2
669,2017-11-05,0.260485,3
670,2017-11-02,0.3695,3
671,2017-10-30,0.2338826086956522,3
672,2017-10-31,0.1726875,2
673,2017-11-01,-0.0643499999999999,2
674,2017-10-27,0.2450823529411765,3
675,2017-10-26,0.2458285714285714,3
676,2017-10-25,0.216125,3
677,2018-10-14,-0.2023,1
678,2017-10-24,0.1519,2
679,2017-10-23,0.3167999999999999,3
680,2017-10-20,0.37668,3
681,2017-10-22,0.1779,2
682,2017-10-19,0.2073333333333333,3
683,2017-10-18,0.0784666666666666,2
684,2018-09-18,-0.0018119555991989312,2
685,2017-10-17,-0.0368857142857142,2
686,2017-10-16,-0.0314999999999999,2
687,2017-10-15,0.1779,2
688,2017-10-13,0.0639666666666666,2
689,2017-10-12,0.3299999999999999,3
690,2017-10-11,0.3393368421052631,3
691,2017-10-10,0.3650153846153846,3
692,2018-08-05,0.008993898061624556,2
693,2017-10-09,0.173375,2
694,2017-10-06,0.1004333333333333,2
695,2017-10-08,-0.234,1
696,2017-10-05,0.0394749999999999,2
697,2018-07-29,0.128,2
698,2017-10-04,0.1779,2
699,2017-10-03,0.178,2
700,2017-10-02,0.1779,2
701,2017-09-29,0.1779,2
702,2017-09-27,-0.0086666666666666,2
703,2017-09-28,-0.4019,1
704,2018-07-08,0.004937614331633624,2
705,2017-09-26,0.0179666666666666,2
706,2017-09-25,0.229325,3
707,2018-06-30,-0.5563,0
708,2018-07-01,-0.009398138275952681,2
709,2017-09-22,0.2410999999999999,3
710,2017-09-23,-0.234,1
711,2017-09-20,0.0378,2
712,2017-09-21,0.34425,3
713,2017-09-19,0.1143499999999999,2
714,2017-09-16,0.1779,2
715,2017-09-17,-0.296,1
716,2017-09-14,0.023475,2
717,2017-09-15,-0.0023811330995714775,2
718,2017-09-13,0.18834,3
719,2017-09-12,-0.1958,1
720,2017-09-09,0.1779,2
721,2017-09-11,0.56465,4
722,2017-09-07,-0.1340333333333333,2
723,2017-09-08,-0.4019,1
724,2017-09-05,-0.21315,1
725,2017-09-06,0.2173,3
726,2017-09-01,0.4074,3
727,2018-06-17,0.0055060507732124985,2
728,2017-08-29,-0.0449571428571428,2
729,2017-08-30,0.0742999999999999,2
730,2017-08-31,-0.0551,2
731,2017-08-28,-0.103475,2
732,2018-06-15,0.4743,3
733,2017-08-25,-0.0179333333333333,2
734,2017-08-23,0.2362125,3
735,2017-08-24,0.22662,3
736,2017-08-21,0.2780666666666666,3
737,2017-08-16,0.239475,3
738,2017-08-17,0.2993666666666666,3
739,2017-08-18,-0.67865,0
740,2017-08-15,0.1433199999999999,2
741,2017-08-14,0.3528799999999999,3
742,2017-08-10,0.1813999999999999,2
743,2017-08-11,-0.005925,2
744,2017-08-09,0.2068166666666666,3
745,2017-08-08,-0.0547,2
746,2017-08-07,0.3286,3
747,2017-08-03,0.2319428571428571,3
748,2017-08-04,0.3182,3
749,2017-08-02,0.6705,4
750,2018-06-11,0.0034639651075151147,2
751,2017-07-31,-0.0672,2
752,2017-08-01,0.26955,3
753,2017-07-30,-0.0910666666666666,2
754,2017-07-27,0.15262,2
755,2017-07-28,-0.02034,2
756,2017-07-26,0.2471545454545454,3
757,2017-07-25,0.211975,3
758,2017-07-24,0.0992599999999999,2
759,2017-07-21,0.09232,2
760,2017-07-22,0.00170857317140638,2
761,2018-06-03,0.5106,3
762,2017-07-20,0.1645714285714285,2
763,2018-06-01,0.0004690262812129786,2
764,2017-07-19,0.1901,3
765,2017-07-18,0.21812,3
766,2017-07-17,0.0878499999999999,2
767,2017-07-14,0.0759333333333333,2
768,2017-07-12,0.23424,3
769,2017-07-11,0.3206666666666666,3
770,2017-07-10,0.2388499999999999,3
771,2017-07-07,0.0376,2
772,2017-07-06,0.0376,2
773,2017-07-05,0.36765,3
774,2017-06-30,0.2615875,3
775,2017-07-02,0.2732,3
776,2017-06-29,0.2645666666666666,3
777,2017-06-28,0.0549571428571428,2
778,2017-06-27,0.3961,3
779,2018-05-20,0.1779,2
780,2017-06-26,0.1787,2
781,2017-06-24,0.1779,2
782,2017-06-22,0.2851666666666666,3
783,2017-06-23,0.15918,2
784,2017-06-21,0.186,3
785,2017-06-19,0.2255999999999999,3
786,2017-06-20,0.2022666666666666,3
787,2017-06-16,-0.0577499999999999,2
788,2017-06-18,0.1258333333333333,2
789,2017-06-15,0.1097142857142857,2
790,2017-06-14,0.243525,3
791,2017-06-13,0.3044,3
792,2017-06-08,0.0354749999999999,2
793,2017-06-06,0.138925,2
794,2017-06-07,0.219,3
795,2017-06-05,-0.1671666666666666,2
796,2017-05-30,0.0428999999999999,2
797,2017-05-31,0.296,3
798,2017-06-01,0.00026648551986399707,2
799,2017-05-25,-0.28774,1
800,2017-05-27,-0.004965624734216668,2
801,2017-05-22,0.1779,2
802,2017-05-23,0.5574,4
803,2017-05-24,0.3612,3
804,2017-05-18,0.2231499999999999,3
805,2017-05-16,0.5406,3
806,2017-05-17,0.08898,2
807,2017-05-10,-0.276475,1
808,2017-05-11,-0.3612,1
809,2017-05-09,0.2687666666666666,3
810,2017-05-07,-0.19105,1
811,2017-05-03,0.07935,2
812,2017-05-04,0.2358,3
813,2017-05-05,-0.03605,2
814,2017-05-01,0.1425999999999999,2
815,2017-04-28,0.1779,2
816,2017-04-26,0.1779,2
817,2017-04-25,-0.11768,2
818,2017-04-19,-0.178,2
819,2017-04-20,0.2172666666666666,3
820,2017-04-21,0.00945,2
821,2017-04-14,0.2732,3
822,2017-04-17,0.5267,3
823,2017-04-18,0.4019,3
824,2017-04-11,0.23695,3
825,2017-04-12,0.06578,2
826,2017-04-13,-0.13895,2
827,2017-04-09,0.24805,3
828,2017-04-10,0.2248,3
829,2017-04-04,0.2888,3
830,2017-04-05,0.0911399999999999,2
831,2017-04-06,0.1528333333333333,2
832,2017-04-03,-0.18975,1
833,2017-03-29,-0.25,1
834,2017-03-30,-0.0992,2
835,2017-03-27,-0.16795,2
836,2017-03-28,0.2481249999999999,3
837,2017-03-19,0.008540610633227738,2
838,2017-03-22,0.006359725047245461,2
839,2017-03-23,0.4019,3
840,2017-03-13,0.6908,4
841,2017-03-02,-0.2785999999999999,1
842,2017-03-03,-0.0026704118092099427,2
843,2017-03-08,0.0034927783476658637,2
844,2017-03-09,0.006136487295476872,2
845,2017-03-12,0.4404,3
846,2017-02-28,0.0772,2
847,2017-03-01,0.6486,4
848,2017-02-22,-0.3617666666666666,1
849,2017-02-15,-0.6908,0
850,2017-02-17,0.4404,3
851,2017-02-20,0.1779,2
852,2017-02-21,-0.37495,1
853,2017-02-13,0.128,2
854,2017-02-03,0.23772,3
855,2017-02-02,-0.12944,2
856,2017-01-31,0.04555,2
857,2017-01-24,0.1779,2
858,2017-01-25,-0.3182,1
859,2017-01-27,0.34,3
860,2017-01-19,-0.6970000000000001,0
861,2017-01-20,-0.2235,1
862,2017-01-22,-0.5106,1
863,2017-01-17,-0.4144,1
864,2017-01-18,-0.8316,0
865,2017-01-12,0.0095999999999999,2
866,2017-01-13,-0.128,2
867,2017-01-06,-0.35875,1
868,2017-01-08,-0.7845,0
869,2017-01-09,0.1779,2
870,2017-01-10,0.6369,4
871,2017-01-11,-0.2774999999999999,1
872,2017-01-04,-0.6272000000000001,0
873,2016-12-29,0.1779,2
874,2017-01-02,-0.8834,0
875,2017-01-03,-0.1027,2
876,2016-12-21,0.1259666666666666,2
877,2016-12-22,0.0049953704050841475,2
878,2016-12-27,0.62535,4
879,2018-04-09,-0.0004917437160991045,2
880,2016-12-18,-0.25,1
881,2018-04-08,0.3818,3
882,2016-12-09,-0.4404,1
883,2016-12-02,0.4588,3
884,2016-12-06,0.1779,2
885,2016-12-07,0.4019,3
886,2016-11-29,0.26955,3
887,2016-11-30,0.208025,3
888,2016-11-24,-0.4462,1
889,2016-11-25,0.4019,3
890,2016-11-28,0.2996999999999999,3
891,2016-11-21,0.1779,2
892,2016-11-23,-0.2263,1
893,2016-11-17,-0.0059,2
894,2016-11-18,-0.0701499999999999,2
895,2016-11-16,0.23695,3
896,2016-11-15,0.72165,4
897,2016-11-11,0.0324,2
898,2016-11-13,-1.0360031857377106e-05,2
899,2016-11-14,0.1779,2
900,2016-11-10,0.1230199999999999,2
901,2016-11-07,0.4019,3
902,2016-11-08,0.0035640172626412105,2
903,2016-11-09,-0.1394,2
904,2016-10-28,0.1993285714285713,3
905,2016-11-01,0.3210999999999999,3
906,2016-10-26,-0.0701499999999999,2
907,2016-10-21,-0.1763999999999999,2
908,2016-10-22,-0.128,2
909,2016-10-24,0.359825,3
910,2016-10-25,-0.00037499103621484674,2
911,2016-10-18,0.6369,4
912,2016-10-19,0.2956999999999999,3
913,2016-10-11,0.1823666666666666,3
914,2016-10-13,-0.23785,1
915,2016-10-14,-0.0016015969937935859,2
916,2016-10-01,0.005145554199562799,2
917,2016-10-03,0.1779,2
918,2016-10-04,0.4757333333333333,3
919,2016-10-05,0.44815,3
920,2016-09-23,0.2023,3
921,2016-09-26,-0.0050820572074860085,2
922,2016-09-19,-0.03605,2
923,2016-09-20,-0.25,1
924,2016-09-21,0.5574,4
925,2016-09-14,0.2166999999999999,3
926,2016-09-07,-0.0343333333333333,2
927,2016-09-08,-0.2023,1
928,2016-09-13,0.009872681647446884,2
929,2018-04-01,0.5106,3
930,2016-09-01,-0.5106,1
931,2016-09-02,0.5267,3
932,2016-08-30,-0.5028,1
933,2016-08-31,0.4404,3
934,2016-08-18,0.1901,3
935,2016-08-19,0.2477,3
936,2016-08-22,0.4074,3
937,2016-08-28,-0.3804,1
938,2016-08-10,0.255225,3
939,2016-08-12,-0.1159666666666666,2
940,2016-08-16,0.0229,2
941,2016-08-17,0.3570666666666666,3
942,2016-08-03,-0.006734018549002523,2
943,2016-08-05,0.3919,3
944,2016-08-08,0.2392999999999999,3
945,2016-07-28,0.2777625,3
946,2016-07-29,0.296,3
947,2016-08-01,-0.009947071306974527,2
948,2016-07-27,-0.0788,2
949,2016-07-20,0.06504,2
950,2016-07-21,0.3779666666666667,3
951,2016-07-22,-0.4019,1
952,2016-07-25,0.1779,2
953,2016-07-12,0.1779,2
954,2016-07-13,0.3878,3
955,2016-07-19,0.0516,2
956,2016-07-04,0.7579,4
957,2016-07-06,-0.234,1
958,2016-06-23,0.1779,2
959,2016-06-28,0.2732,3
960,2016-06-29,0.57735,4
961,2016-06-19,-0.8555,0
962,2016-06-21,-0.18975,1
963,2016-06-22,0.1779,2
964,2016-06-09,0.155225,2
965,2016-06-13,0.07605,2
966,2016-06-02,-0.004712129098661473,2
967,2016-06-03,0.4869,3
968,2016-06-07,0.02926,2
969,2016-05-25,-0.128,2
970,2016-05-31,0.0776333333333333,2
971,2016-05-20,0.4253,3
972,2016-05-24,-0.0258,2
973,2016-05-16,-0.4215,1
974,2016-05-12,0.6536500000000001,4
975,2016-05-04,0.187875,3
976,2016-05-05,0.45915,3
977,2016-04-29,-0.29015,1
978,2016-05-02,0.008122519841170439,2
979,2016-04-26,-0.64225,0
980,2016-04-27,-0.007517610430860273,2
981,2016-04-19,-0.3003333333333333,1
982,2016-04-21,-0.1779,2
983,2016-04-14,-0.4019,1
984,2016-04-15,-0.3818,1
985,2016-04-16,0.001924674354200291,2
986,2016-04-07,-0.5719,0
987,2016-04-12,0.4019,3
988,2016-04-13,0.2263,3
989,2016-04-02,0.009398423165123024,2
990,2016-04-03,0.7964,4
991,2016-04-04,0.4939,3
992,2016-04-05,0.1779,2
993,2016-03-23,0.10185,2
994,2016-03-24,-0.4588,1
995,2016-03-26,0.1779,2
996,2016-03-29,0.4019,3
997,2016-03-30,0.3818,3
998,2016-03-21,0.3999499999999999,3
999,2016-03-22,0.1826749999999999,3
1000,2016-03-10,0.1779,2
1001,2016-03-12,-0.3612,1
1002,2016-03-17,0.1779,2
1003,2016-03-07,0.1779,2
1004,2016-03-08,0.4404,3
1005,2016-03-01,0.0007216541844742674,2
1006,2016-03-03,0.4588,3
1007,2016-02-23,-0.6486,0
1008,2016-02-29,-0.3609,1
1009,2016-02-12,0.1779,2
1010,2016-02-16,0.1779,2
1011,2016-02-18,0.2441499999999999,3
1012,2016-02-04,0.4033,3
1013,2016-02-09,0.296,3
1014,2016-01-28,0.400825,3
1015,2016-02-02,0.1779,2
1016,2016-02-03,0.1779,2
1017,2016-01-20,-0.296,1
1018,2016-01-22,0.4939,3
1019,2016-01-25,0.4404,3
1020,2016-01-15,0.0006149807936178942,2
1021,2016-01-06,0.1779,2
1022,2016-01-09,0.4019,3
1023,2016-01-10,0.00024986163446451883,2
1024,2015-12-23,-0.296,1
1025,2015-12-16,-0.6705,0
1026,2015-12-21,-0.2023,1
1027,2015-12-03,-0.39515,1
1028,2015-11-29,0.3191,3
1029,2015-12-01,0.3372666666666666,3
1030,2015-11-24,-0.5207499999999999,1
1031,2015-11-27,-0.0009596568924108117,2
1032,2015-11-20,-0.1027,2
1033,2015-11-23,-0.004508566543538663,2
1034,2015-11-12,0.0795999999999999,2
1035,2015-11-13,0.1779,2
1036,2015-11-18,0.0772,2
1037,2015-11-04,0.00815784394927292,2
1038,2015-10-27,0.16445,2
1039,2015-10-28,0.6369,4
1040,2015-10-29,0.4019,3
1041,2015-10-30,-0.128,2
1042,2015-10-21,0.3681999999999999,3
1043,2015-10-22,0.6705,4
1044,2015-10-16,0.8591,4
1045,2015-10-12,-0.3612,1
1046,2015-10-14,0.2133666666666666,3
1047,2015-10-06,0.1779,2
1048,2015-10-09,-0.004459734490307474,2
1049,2015-09-28,-0.296,1
1050,2015-09-29,-0.296,1
1051,2015-09-30,0.2023,3
1052,2015-10-02,-0.296,1
1053,2015-09-17,-0.4215,1
1054,2015-09-20,-0.5574,0
1055,2015-09-21,0.4242,3
1056,2015-09-10,0.005671040499789135,2
1057,2015-09-14,-0.0011490308485160106,2
1058,2015-09-04,0.1779,2
1059,2015-09-07,0.1779,2
1060,2015-09-08,0.15295,2
1061,2015-09-09,0.5994,4
1062,2015-08-21,0.005339957331892107,2
1063,2015-08-25,0.2732,3
1064,2015-09-01,-0.1027,2
1065,2015-09-02,0.7845,4
1066,2015-08-11,0.007889879302302099,2
1067,2015-08-17,0.5267,3
1068,2015-08-20,0.296,3
1069,2015-07-30,-0.34,1
1070,2015-07-31,-0.009102339703078619,2
1071,2015-08-03,0.34,3
1072,2015-07-24,0.5106,3
1073,2015-07-26,0.5574,4
1074,2015-07-28,0.1779,2
1075,2018-02-11,0.26236875,3
1076,2015-07-20,0.128,2
1077,2015-07-23,0.9118,4
1078,2015-07-13,0.1779,2
1079,2015-07-15,-0.001181009309700818,2
1080,2015-07-16,-0.0017359975173723652,2
1081,2015-06-29,0.3071,3
1082,2015-06-30,0.1779,2
1083,2015-07-03,-0.296,1
1084,2015-07-05,-0.4767,1
1085,2015-07-06,-0.0516,2
1086,2015-06-23,0.1779,2
1087,2015-06-24,0.31835,3
1088,2015-06-25,0.1779,2
1089,2015-06-26,0.4588,3
1090,2015-06-17,0.27275,3
1091,2015-06-18,0.6124,4
1092,2015-06-10,-0.002893475172157951,2
1093,2015-05-26,0.1779,2
1094,2015-05-13,0.273,3
1095,2015-05-14,0.1901,3
1096,2015-05-15,-0.4404,1
1097,2015-05-21,-0.001379757200062537,2
1098,2015-05-05,0.4939,3
1099,2015-05-07,-0.296,1
1100,2015-05-11,0.0007862075999130403,2
1101,2015-05-12,0.5574,4
1102,2015-04-29,0.0772,2
1103,2015-04-20,-0.0004298520914481441,2
1104,2015-04-23,0.50995,3
1105,2015-04-18,-0.5423,1
1106,2018-02-04,0.5106,3
1107,2015-04-09,-0.18975,1
1108,2015-04-10,0.5267,3
1109,2015-04-13,-0.00933959392149937,2
1110,2015-03-31,0.1779,2
1111,2015-04-05,0.3612,3
1112,2015-04-06,-0.4939,1
1113,2015-03-25,0.5106,3
1114,2015-03-27,0.15295,2
1115,2015-03-19,-0.0014797544745415326,2
1116,2015-03-20,0.30915,3
1117,2015-03-24,-0.04765,2
1118,2015-03-17,0.4404,3
1119,2015-03-12,0.1779,2
1120,2015-03-06,-0.1338,2
1121,2015-03-10,-0.6486,0
1122,2015-03-11,0.009558880408728035,2
1123,2015-03-02,0.2899,3
1124,2015-03-03,0.5106,3
1125,2015-02-24,0.1779,2
1126,2015-02-25,-0.1027,2
1127,2015-02-10,0.34,3
1128,2015-02-11,-0.128,2
1129,2015-02-12,0.2263,3
1130,2015-02-13,0.296,3
1131,2015-02-15,0.007620449976826165,2
1132,2015-02-18,-0.00609263663131793,2
1133,2015-02-02,0.1779,2
1134,2015-02-03,0.3544,3
1135,2015-02-04,0.1779,2
1136,2015-02-06,-0.7003,0
1137,2015-01-23,-0.005554661398894771,2
1138,2015-01-27,0.008469042412782136,2
1139,2015-01-29,0.6808,4
1140,2015-01-30,0.1779,2
1141,2015-01-15,0.4215,3
1142,2015-01-16,-0.128,2
1143,2015-01-20,0.00653872207113442,2
1144,2014-12-29,-0.009883060147754075,2
1145,2015-01-08,-0.2732,1
1146,2015-01-09,-0.1779,2
1147,2015-01-14,0.6705,4
1148,2014-12-13,0.00023642485437051831,2
1149,2014-12-17,0.4958,3
1150,2014-12-26,0.5106,3
1151,2014-12-08,0.0644,2
1152,2014-12-09,0.3612,3
1153,2014-11-17,0.00036824434452274344,2
1154,2014-11-24,-0.00903017568099823,2
1155,2014-12-01,0.5267,3
1156,2014-12-02,0.3182,3
1157,2014-11-04,-0.1494,2
1158,2014-11-05,0.000497043025439865,2
1159,2014-11-13,0.6124,4
1160,2014-10-20,-0.2023,1
1161,2014-10-23,0.31835,3
1162,2014-10-07,0.45355,3
1163,2014-10-08,-0.6705,0
1164,2014-10-09,0.1779,2
1165,2018-01-28,-0.004016159118503835,2
1166,2014-09-15,0.5859,4
1167,2014-09-17,0.5267,3
1168,2014-09-18,0.0009479857858007934,2
1169,2014-09-29,0.1779,2
1170,2014-10-02,0.296,3
1171,2014-08-27,0.1779,2
1172,2014-09-01,-0.128,2
1173,2014-09-08,0.4588,3
1174,2014-09-09,0.4871499999999999,3
1175,2014-08-06,0.2732,3
1176,2014-08-08,0.1779,2
1177,2014-08-20,-0.7096,0
1178,2014-07-25,0.42925,3
1179,2014-07-28,0.27985,3
1180,2014-07-30,0.1779,2
1181,2014-07-31,0.0516,2
1182,2014-07-11,0.07925,2
1183,2014-07-17,0.1779,2
1184,2014-06-24,0.1779,2
1185,2014-07-03,0.3612,3
1186,2014-06-11,0.310675,3
1187,2014-05-21,0.1779,2
1188,2014-05-24,0.2263,3
1189,2014-04-23,0.6124,4
1190,2014-04-24,0.1779,2
1191,2014-01-14,0.1779,2
1192,2014-04-11,0.1779,2
1193,2012-10-26,-0.193575,1
1194,2012-11-12,-0.14675,2
1195,2012-10-15,-0.008259469195939765,2
1196,2018-01-20,0.007724782391215561,2
1197,2018-01-14,0.2278611111111111,3
1198,2018-01-07,0.4033,3
1199,2018-01-03,0.39461,3
1200,2017-12-25,0.2732,3
1201,2017-12-17,0.3013882352941177,3
1202,2017-12-09,-0.34,1
1203,2017-10-29,0.37985,3
1204,2017-10-01,-0.00426592777241367,2
1205,2017-09-18,-0.004566558171664705,2
1206,2017-08-27,0.34425,3
1207,2017-08-22,0.003373427907058597,2
1208,2017-08-20,-0.005092211495658297,2
1209,2017-08-13,-0.3182,1
1210,2017-08-06,0.3818,3
1211,2017-07-23,0.5106,3
1212,2017-07-16,0.3182,3
1213,2017-07-13,0.1779,2
1214,2017-07-09,0.22965,3
1215,2017-07-03,-0.3489,1
1216,2017-06-25,-0.4215,1
1217,2017-06-12,0.1779,2
1218,2017-06-11,0.1779,2
1219,2017-06-09,0.25,3
1220,2017-06-04,0.0511666666666666,2
1221,2017-05-26,-0.4588,1
1222,2017-05-28,-0.0531,2
1223,2017-05-19,-0.4767,1
1224,2017-05-21,-0.008161775701138563,2
1225,2017-05-15,0.25,3
1226,2017-05-12,-0.007011134344129699,2
1227,2017-05-14,0.5859,4
1228,2017-05-02,0.4767,3
1229,2017-04-30,0.2023,3
1230,2017-04-27,-0.296,1
1231,2017-04-24,0.00426033461457181,2
1232,2017-04-23,-0.008434788883905168,2
1233,2017-04-02,0.00425386004192269,2
1234,2017-03-20,-0.005106392274344489,2
1235,2017-03-24,-0.34,1
1236,2017-03-06,0.1779,2
1237,2017-03-05,-0.2263,1
1238,2017-02-08,0.1779,2
1239,2017-02-10,0.1779,2
1240,2017-02-12,0.0014005877735643213,2
1241,2017-02-18,0.008737993050907382,2
1242,2017-02-05,0.0258,2
1243,2017-02-06,0.5994,4
1244,2017-02-07,0.6369,4
1245,2017-01-23,3.3865802557992985e-05,2
1246,2017-01-15,0.006189088362878987,2
1247,2017-01-16,-0.5719,0
1248,2016-12-20,0.31835,3
1249,2016-12-08,-0.4767,1
1250,2016-12-13,0.0036214308514244233,2
1251,2016-12-05,0.1779,2
1252,2016-12-04,0.0013241565181232517,2
1253,2016-11-27,-0.0017177941369308925,2
1254,2016-11-20,0.008269429794091163,2
1255,2016-11-03,0.0015476980999484823,2
1256,2016-11-04,0.1779,2
1257,2016-10-31,0.006790117809368088,2
1258,2016-10-27,0.1779,2
1259,2016-10-23,-0.008084132384439136,2
1260,2016-10-20,0.3104666666666666,3
1261,2016-10-16,0.6369,4
1262,2016-10-17,0.006634764807573825,2
1263,2016-10-12,0.18155,2
1264,2016-10-02,0.0023733504130374807,2
1265,2016-09-29,0.2263,3
1266,2016-09-28,0.33575,3
1267,2016-09-27,0.1779,2
1268,2016-09-25,0.1779,2
1269,2016-09-15,0.006707968769680026,2
1270,2016-09-18,-0.3182,1
1271,2016-09-09,0.0772,2
1272,2016-09-06,-0.1027,2
1273,2016-09-04,0.6124,4
1274,2016-08-29,0.1779,2
1275,2016-08-25,0.4588,3
1276,2016-08-26,0.2183,3
1277,2016-08-24,0.00038451415623314445,2
1278,2016-08-23,0.5423,3
1279,2016-08-15,0.6369,4
1280,2016-08-14,0.1422333333333333,2
1281,2016-08-11,0.2023,3
1282,2016-08-07,0.1779,2
1283,2016-07-26,0.0022902393922117504,2
1284,2016-07-24,-0.128,2
1285,2016-07-17,0.1531,2
1286,2016-07-14,-0.004017626251115532,2
1287,2016-07-10,0.1779,2
1288,2016-07-11,0.0674333333333333,2
1289,2016-07-07,0.5859,4
1290,2016-07-05,0.6369,4
1291,2016-07-01,0.8126,4
1292,2016-07-03,-0.006499391436871489,2
1293,2016-06-30,-0.128,2
1294,2016-06-24,0.1779,2
1295,2016-06-26,0.1779,2
1296,2016-06-20,0.4404,3
1297,2016-06-16,0.296,3
1298,2016-06-17,0.0516,2
1299,2016-06-15,0.3749,3
1300,2016-06-14,0.0020672321335555364,2
1301,2016-06-08,0.1779,2
1302,2016-06-10,0.003924604525084165,2
1303,2016-06-12,0.1779,2
1304,2016-06-05,-0.005907059393427283,2
1305,2016-06-01,-0.1019499999999999,2
1306,2016-05-29,0.7003,4
1307,2016-05-22,0.1779,2
1308,2016-05-23,0.0376,2
1309,2016-05-17,-0.4404,1
1310,2016-05-18,0.5994,4
1311,2016-05-15,-0.5994,0
1312,2016-05-11,0.2133999999999999,3
1313,2016-05-10,0.0722,2
1314,2016-05-06,0.0007012781494814635,2
1315,2016-05-08,-0.5423,1
1316,2016-05-01,0.3862666666666667,3
1317,2016-04-22,0.0001785193390111739,2
1318,2016-04-28,0.001141698278824046,2
1319,2016-03-28,0.3612,3
1320,2016-03-18,0.006341518861582885,2
1321,2016-03-20,0.1779,2
1322,2016-03-14,-0.3182,1
1323,2016-02-25,0.003888245970833102,2
1324,2016-02-26,0.4588,3
1325,2016-02-24,-0.005700635657099938,2
1326,2016-02-15,0.7351,4
1327,2016-02-08,0.1779,2
1328,2016-02-11,-0.6597,0
1329,2016-01-29,-0.1779,2
1330,2016-01-26,0.2732,3
1331,2016-01-13,0.1779,2
1332,2016-01-14,-0.2263,1
1333,2015-12-28,-0.008243297339824611,2
1334,2015-12-30,0.008883749692362343,2
1335,2015-12-26,0.7351,4
1336,2015-12-09,-0.007922698171576316,2
1337,2015-12-04,0.4588,3
1338,2015-12-05,-0.007639102090026775,2
1339,2015-11-16,0.4393,3
1340,2015-11-11,-0.15875,2
1341,2015-11-03,0.3612,3
1342,2015-10-19,-0.3182,1
1343,2015-10-07,-0.3182,1
1344,2015-10-11,-0.0020975547321761168,2
1345,2015-08-10,0.34,3
1346,2015-08-13,0.098,2
1347,2015-08-05,-0.00759177782769838,2
1348,2015-07-27,0.006397930148306497,2
1349,2015-07-17,0.7351,4
1350,2015-06-12,0.5574,4
1351,2015-06-21,0.005982082371448158,2
1352,2015-06-28,0.0019154408784677424,2
1353,2015-05-27,0.6124,4
1354,2015-05-28,0.005825468953347996,2
1355,2015-04-27,0.1779,2
1356,2015-04-22,0.1779,2
1357,2015-04-15,0.5574,4
1358,2015-04-17,-0.296,1
1359,2015-03-09,-0.0026128236913613855,2
1360,2015-02-01,0.1779,2
1361,2015-01-22,-0.296,1
1362,2014-12-21,-0.4215,1
1363,2014-12-23,0.009856395624689927,2
1364,2014-12-28,0.5267,3
1365,2015-01-04,0.0010192989037084343,2
1366,2014-12-04,0.4588,3
1367,2014-11-25,0.4767,3
1368,2014-11-26,0.3818,3
1369,2014-12-03,-0.0005247238280671219,2
1370,2014-11-02,-0.1027,2
1371,2014-09-19,-0.1531,2
1372,2014-10-10,0.4215,3
1373,2014-10-26,0.1531,2
1374,2014-10-29,0.009792381614742923,2
1375,2014-09-07,0.0023728911660076068,2
1376,2014-08-13,0.7096,4
1377,2014-08-29,0.1779,2
1378,2014-08-04,0.0516,2
1379,2014-07-15,0.6597,4
1380,2014-07-24,-0.1779,2
1381,2014-06-25,0.1779,2
1382,2014-07-07,0.1779,2
1383,2014-07-09,-0.128,2
1384,2014-06-08,0.1779,2
1385,2014-06-16,0.8126,4
1386,2014-05-18,0.01255,2
1387,2014-04-25,0.3522999999999999,3
1388,2014-04-09,-0.6705,0
1389,2013-07-11,0.006079883621890323,2
1390,2013-07-12,0.0516,2
1391,2013-07-15,-0.2732,1
1392,2013-06-13,0.4559499999999999,3
1393,2013-06-17,0.0258,2
1394,2013-07-01,0.006791265679975971,2
1395,2013-07-02,-0.002212987575282719,2
1396,2013-05-28,0.2023,3
1397,2013-05-30,0.4767,3
1398,2013-06-03,0.5267,3
1399,2013-06-05,-0.0034176104499870318,2
1400,2013-05-13,0.34,3
1401,2013-05-21,0.5719,4
1402,2013-05-26,0.004468812500159827,2
1403,2013-05-01,0.2023,3
1404,2013-05-02,0.0064190509306723586,2
1405,2013-05-07,0.1779,2
1406,2013-04-26,0.1779,2
1407,2013-04-28,-0.4767,1
1408,2013-04-10,0.6249,4
1409,2013-04-16,-0.6597,0
1410,2013-04-17,0.00685003218828625,2
1411,2013-04-02,-0.1779,2
1412,2013-04-04,-0.2732,1
1413,2013-04-05,-0.2732,1
1414,2013-04-09,0.2263,3
1415,2013-03-06,0.1779,2
1416,2013-03-11,-0.2732,1
1417,2013-03-15,-0.0004762239816517555,2
1418,2013-03-24,0.3818,3
1419,2013-03-31,0.009943318645482669,2
1420,2013-02-24,-0.6908,0
1421,2013-02-26,0.005463700924978856,2
1422,2013-01-28,0.1779,2
1423,2013-01-29,-0.3804,1
1424,2013-01-31,0.0023455228949119645,2
1425,2013-02-07,-0.004953406582257098,2
1426,2013-01-24,0.1779,2
1427,2013-01-25,-0.3612,1
1428,2013-01-06,0.3612,3
1429,2013-01-14,-0.009596466546515204,2
1430,2013-01-16,0.007692274931307521,2
1431,2013-01-18,0.0010671737613641042,2
1432,2012-12-24,-0.00666518970279749,2
1433,2012-12-30,0.004298993800122242,2
1434,2013-01-02,-0.004541374343989668,2
1435,2012-12-10,-0.009175875000247042,2
1436,2012-12-11,0.3182,3
1437,2012-12-17,-0.1531,2
1438,2012-12-18,0.3612,3
1439,2012-12-19,-0.004442480053582043,2
1440,2012-12-02,0.004451370075788006,2
1441,2012-12-03,0.005351601966688802,2
1442,2012-12-04,0.6369,4
1443,2012-11-26,0.4019,3
1444,2012-11-27,-0.0011633124724906695,2
1445,2012-11-28,0.003257588397990583,2
1446,2012-11-29,0.1779,2
1447,2012-11-13,0.0013348309335859665,2
1448,2012-11-18,0.008048959669106813,2
1449,2012-11-02,0.007385567327030347,2
1450,2012-11-08,0.5106,3
1451,2012-11-09,0.00511018009806302,2
1452,2012-10-28,-0.5719,0
1453,2012-11-01,0.009731616424671796,2
1454,2012-10-21,0.5574,4
1455,2012-10-23,-0.0034963089645029433,2
1456,2012-10-08,0.005463871782769543,2
1457,2012-10-11,0.1779,2
1458,2012-10-12,-0.4588,1
1459,2012-10-14,0.296,3
1460,2012-10-18,0.00013959412872619704,2
1461,2012-09-25,-0.2006,1
1462,2012-09-27,0.0037293606824679595,2
1463,2012-09-30,0.003244864380933992,2
1464,2012-10-01,-0.4215,1
1465,2012-10-03,0.005582823936884298,2
1466,2012-09-19,-0.3716,1
1467,2012-08-05,0.009050674989439067,2
